reviewer_id,review_time,review,rating,summary,sub_aspect,topic,key_topic
1,3 months ago,"Why does it look like someone spit on my food?
I had a normal transaction,  everyone was chill and polite, but now i dont want to eat this. Im trying not to think about what this milky white/clear substance is all over my food, i d*** sure am not coming back.",1 star,Why does it look like someone spit on my food. I had a normal transaction. everyone was chill and polite. Im trying not to think about what this milky white/clear substance is all over my food,"normal transaction, someone spit, everyone, clear substance",3,"food, order, staff, location"
2,5 days ago,"It'd McDonalds. It is what it is as far as the food and atmosphere go. The staff here does make a difference. They are all friendly, accommodating and always smiling. Makes for a more pleasant experience than many other fast food places.",4 stars,It is what it is as far as the food and atmosphere go.. The staff here does make a difference.. Makes for a more pleasant experience than many other fast food places.,"food place, pleasant experience, food, fast food, difference, staff, atmosphere",3,"food, order, staff, location"
3,5 days ago,"Made a mobile order got to the speaker and checked it in.
Line was not moving so I had to leave otherwise IÃÂ¯ÃÂ¿ÃÂ½ÃÂ¯ÃÂ¿ÃÂ½ÃÂ¯ÃÂ¿ÃÂ½ÃÂ¯ÃÂ¿ÃÂ½ÃÂ¯ÃÂ¿ÃÂ½ÃÂ¯ÃÂ¿ÃÂ½ÃÂ¯ÃÂ¿ÃÂ½ÃÂ¯ÃÂ¿ÃÂ½ÃÂ¯ÃÂ¿ÃÂ½ÃÂ¯ÃÂ¿ÃÂ½ÃÂ¯ÃÂ¿ÃÂ½ÃÂ¯ÃÂ¿ÃÂ½ÃÂ¯ÃÂ¿ÃÂ½ÃÂ¯ÃÂ¿ÃÂ½ÃÂ¯ÃÂ¿ÃÂ½ÃÂ¯ÃÂ¿ÃÂ½ÃÂ¯ÃÂ¿ÃÂ½ÃÂ¯ÃÂ¿ÃÂ½ÃÂ¯ÃÂ¿ÃÂ½ÃÂ¯ÃÂ¿ÃÂ½ÃÂ¯ÃÂ¿ÃÂ½ÃÂ¯ÃÂ¿ÃÂ½ÃÂ¯ÃÂ¿ÃÂ½ÃÂ¯ÃÂ¿ÃÂ½ÃÂ¯ÃÂ¿ÃÂ½ÃÂ¯ÃÂ¿ÃÂ½ÃÂ¯ÃÂ¿ÃÂ½d be late for work.
Never got the refund in the app.
I called them and they said I could only get my money back in person because it was stuck in the system.
Went there in person the next day  and the manager told me she wasnÃÂ¯ÃÂ¿",1 star,Made a mobile order got to the speaker and checked it in.. Line was not moving so I had to leave otherwise Id be late for work.. Never got the refund in the app.. I called them and they said I could only get my money back in person because it was stuck in the system.. Went there in person the next day  and the manager told me she wasn,"line, money, refund, manager, mobile order, next day",5,"order, location"
4,a month ago,My mc. Crispy chicken sandwich was ÃÂ¯ÃÂ¿ÃÂ½ÃÂ¯ÃÂ¿ÃÂ½ÃÂ¯ÃÂ¿ÃÂ½ÃÂ¯ÃÂ¿ÃÂ½ÃÂ¯ÃÂ¿ÃÂ½ÃÂ¯ÃÂ¿ÃÂ½ÃÂ¯ÃÂ¿ÃÂ½ÃÂ¯ÃÂ¿ÃÂ½ÃÂ¯ÃÂ¿ÃÂ½ÃÂ¯ÃÂ¿ÃÂ½ÃÂ¯ÃÂ¿ÃÂ½ÃÂ¯ÃÂ¿ÃÂ½ÃÂ¯ÃÂ¿ÃÂ½ÃÂ¯ÃÂ¿ÃÂ½ÃÂ¯ÃÂ¿ÃÂ½ÃÂ¯ÃÂ¿ÃÂ½ÃÂ¯ÃÂ¿ÃÂ½ÃÂ¯ÃÂ¿ÃÂ½ÃÂ¯ÃÂ¿ÃÂ½ÃÂ¯ÃÂ¿ÃÂ½ÃÂ¯ÃÂ¿ÃÂ½ÃÂ¯ÃÂ¿ÃÂ½ÃÂ¯ÃÂ¿ÃÂ½ÃÂ¯ÃÂ¿ÃÂ½ÃÂ¯ÃÂ¿ÃÂ½ÃÂ¯ÃÂ¿ÃÂ½ÃÂ¯ÃÂ¿ÃÂ½ÃÂ¯ÃÂ¿ÃÂ½ÃÂ¯ÃÂ¿ÃÂ½ÃÂ¯ÃÂ¿ÃÂ½ÃÂ¯ÃÂ¿ÃÂ½ÃÂ¯ÃÂ¿ÃÂ½ÃÂ¯ÃÂ¿ÃÂ½ÃÂ¯ÃÂ¿ÃÂ½ÃÂ¯ÃÂ¿ÃÂ½ÃÂ¯ÃÂ¿ÃÂ½ customer service was quick and p,5 stars,Crispy chicken sandwich was  customer service was quick and p,"crispy chicken, chicken sandwich, customer service",1,"time, food, order, service"
5,2 months ago,"I repeat my order 3 times in the drive thru, and she still manage to mess it up , it was suppose to be a large meal double filet of fish with large fries , no cheese . It was all wrong , they either need to pay close attention to the order being made , understand English or they need not to work at a drive thru",1 star,I repeat my order 3 times in the drive thru. it was suppose to be a large meal double filet of fish with large fries. they either need to pay close attention to the order being made. understand English or they need not to work at a drive thru,"english, order, large meal, large fry, double filet, close attention",4,"drive, thru, order, location, food, time"
6,3 weeks ago,I work for door dash and they locked us all out to wait in a long line for no reason at 10. I tried to beg them to open it because I'm door dash and they refused.  Covid is over get a new job,1 star,I work for door dash and they locked us all out to wait in a long line for no reason at 10.. I tried to beg them to open it because I am door dash and they refused.. Covid is over get a new job,"long line, new job, door dash, covid",0,"order, time, service"
7,3 months ago,"If I  could give this location a zero on customer service, I  would. Pulled into drive through at 8:07 and placed a simple order. I order a regular hamburg and cookies. Once I paid and pulled up to the window to pick up, I  was told to pull up to the #1 space. I sat there and sat there and.........25 minutes later, no order. I  went in and no one was at the counter. I yelled ""hello"" three times. A young lady came up asking who was handling the front counter. A young girl appeared. To make this complaint shorter, I  showed my receipt and another 5 minutes later I got my order. There was another order with a drink sitting on the counter that never got to the person who ordered it. After getting home, I  had no regular hamburg but had cookies. Everyone, don't even bother going to this location again. It's a horrible experience every time as you can see by other reviews.",1 star,If I  could give this location a zero on customer service. Pulled into drive through at 8:07 and placed a simple order.. I order a regular hamburg and cookies.. Once I paid and pulled up to the window to pick up. I  went in and no one was at the counter.. A young lady came up asking who was handling the front counter.. A young girl appeared.. To make this complaint shorter. I  showed my receipt and another 5 minutes later I got my order.. There was another order with a drink sitting on the counter that never got to the person who ordered it.. After getting home. I  had no regular hamburg but had cookies.. Everyone. It is a horrible experience every time as you can see by other reviews.,"drink, home, everyone, regular hamburg, window, young lady, young girl, customer service, one, simple order, location, order, receipt, cooky, other review, front counter, complaint, horrible experience",5,"order, location"
8,a year ago,"Came in and ordered a Large coffee w/no ice. They handed me a cup that was less than half way full. I asked the employee, Flor, if they could give me a Large coffee w/no ice and she said no. I was willing to pay more to get a full cup of coffee. I always get a large sweet tea w/no ice and itÃÂ¯ÃÂ¿ÃÂ½ÃÂ¯ÃÂ¿ÃÂ½ÃÂ¯ÃÂ¿ÃÂ½ÃÂ¯ÃÂ¿ÃÂ½ÃÂ¯ÃÂ¿ÃÂ½ÃÂ¯ÃÂ¿ÃÂ½ÃÂ¯ÃÂ¿ÃÂ½",1 star,Came in and ordered a Large coffee w/no ice.. They handed me a cup that was less than half way full.. I asked the employee. Flor. if they could give me a Large coffee w/no ice and she said no.. I was willing to pay more to get a full cup of coffee.. I always get a large sweet tea w/no ice and it,"full cup, sweet tea, large coffee, cup, employee, flor",5,"order, location"
9,3 months ago,Went thru drive thru. Ordered. Getting home noticed my 10 piece nuggets where missing. Tried calling the restaurant and nothing. The lady gave me a hard time about extra sauce. Very unhappy .....,1 star,Getting home noticed my 10 piece nuggets where missing.. Tried calling the restaurant and nothing.. The lady gave me a hard time about extra sauce.,"lady, piece nugget, restaurant, hard time, extra sauce, piece",4,"drive, thru, order, location, food, time"
10,3 months ago,"I'm not really a huge fan of fast food, but I have 2 teenage daughter's who enjoy McDs. The staff here is always friendly and ALWAYS get their orders correct. By far one of the best McDs I have ever been to. I always enjoy and appreciate quality service from quality people... and you'll definitely find it here. At least from the evening crew. Haven't been here during the day. My girls joke that I go here so often to get them food, that the staff is going to end up knowing me and having their order ready to go. Lmao Great people and excellent service. ÃÂ¯ÃÂ¿ÃÂ½ÃÂ¯",4 stars,I am not really a huge fan of fast food. but I have 2 teenage daughter's who enjoy McDs.. The staff here is always friendly and ALWAYS get their orders correct.. By far one of the best McDs I have ever been to.. I always enjoy and appreciate quality service from quality people... and you will definitely find it here.. At least from the evening crew.. My girls joke that I go here so often to get them food. that the staff is going to end up knowing me and having their order ready to go.. Lmao Great people and excellent service.,"quality people, excellent service, food, quality service, mcds, evening crew, best mcds, staff, girl joke, order, fast food, teenage daughter, great people, huge fan",3,"food, order, staff, location"
11,3 months ago,Worst McDonaldÃÂ¯ÃÂ¿ÃÂ½ÃÂ¯ÃÂ¿ÃÂ½ÃÂ¯ÃÂ¿ÃÂ½ÃÂ¯ÃÂ¿ÃÂ½ÃÂ¯ÃÂ¿ÃÂ½ÃÂ¯ÃÂ¿ÃÂ½ÃÂ¯ÃÂ¿ÃÂ½ÃÂ¯ÃÂ¿ÃÂ½ÃÂ¯ÃÂ¿ÃÂ½ÃÂ¯ÃÂ¿ÃÂ½ÃÂ¯ÃÂ¿ÃÂ½ÃÂ¯ÃÂ¿ÃÂ½ÃÂ¯ÃÂ¿ÃÂ½ÃÂ¯ÃÂ¿ÃÂ½ÃÂ¯ÃÂ¿ÃÂ½ÃÂ¯ÃÂ¿ÃÂ½ÃÂ¯ÃÂ¿ÃÂ½ÃÂ¯ÃÂ¿ÃÂ½ÃÂ¯ÃÂ¿ÃÂ½ÃÂ¯ÃÂ¿ÃÂ½ÃÂ¯ÃÂ¿ÃÂ½ÃÂ¯ÃÂ¿ÃÂ½ÃÂ¯ÃÂ¿,1 star,Worst McDonald,worst mcdonald,0,"order, time, service"
12,6 months ago,"We stopped by for a quick breakfast.  It was not crowded inside, but there was a pretty long drive thru.

Our order was supposed to have 3 food items and 2 drinks. They missed a food item. The lady ignored me when I told her.

My husband went to get it, she finished her task then handed it to him without a word or smile or anything.",2 stars,We stopped by for a quick breakfast.. but there was a pretty long drive thru.. Our order was supposed to have 3 food items and 2 drinks.. They missed a food item.. The lady ignored me when I told her.. My husband went to get it. she finished her task then handed it to him without a word or smile or anything.,"order, long drive, lady, task, food item, husband, quick breakfast",4,"drive, thru, order, location, food, time"
13,6 months ago,"The morning crew seems fast and efficient. Night crew is a whole different experience, lines down the street, hour long waits. If this was a one time occurrence it wouldn't be so bad but this is a nightly problem. Beyond this the staff is so highly rude you leave wanting to crash your car through the building. Don't forget they will mistake your order almost every single time as well and serve it to you cold.",1 star,The morning crew seems fast and efficient.. Night crew is a whole different experience. lines down the street. hour long waits.. If this was a one time occurrence it would not be so bad. this is a nightly problem.. Beyond this the staff is so highly rude you leave wanting to crash your car through the building.. Do not forget they will mistake your order almost every single time as well and serve it to you cold.,"line, time occurrence, long wait, different experience, night crew, car, staff, order, nightly problem, hour, morning crew, single time",2,"order, time, drive"
14,a year ago,"Today, i was disappointed in that restaurant #11853 did not get me my FULL order, meaning I did not receive my condiments for my big breakfast with hot cakes. No butter, no syrup, and no utensils. Luckily this was a hiccup and not a regular thing. Oh, and the egg was half the size of the sausage.",3 stars,Today. i was disappointed in that restaurant #11853 did not get me my FULL order. meaning I did not receive my condiments for my big breakfast with hot cakes.. Luckily this was a hiccup and not a regular thing.. and the egg was half the size of the sausage.,"regular thing, condiment, big breakfast, egg, full order, today, restaurant #, hot cake",5,"order, location"
15,5 months ago,"Ordered food burger wrong and left out part of the order also. One of the drink cup lid not fattened. Poor service girl handing order at window on January 7, 2023 at 1pm.",1 star,Ordered food burger wrong and left out part of the order also.. One of the drink cup lid not fattened.. Poor service girl handing order at window on January 7,"hand order, poor service, order food, cup lid, girl hand, drink cup, food burger, part, service girl, burger wrong",0,"order, time, service"
16,2 months ago,This was a dine in experience. The tables were all dirty & we did not get our food after waiting 35 minutes. Chicken sandwich was burnt.,2 stars,The tables were all dirty  we did not get our food after waiting 35 minutes.. Chicken sandwich was burnt.,"chicken sandwich, food, table, chicken, minute",3,"food, order, staff, location"
17,a year ago,"The line wS extremely big and was moving very slowly, plus they were out of apple pies and strawberry cream pies, but they gave me substitute cinnabun, the staff was very apologetic for being slow & they were out of pies, but it was middle of the night and they were extremely under-staffed.",4 stars,plus they were out of apple pies and strawberry cream pies. but they gave me substitute cinnabun. the staff was very apologetic for being slow  they were out of pies,"strawberry cream, cream pie, substitute cinnabun, apple pie, staff",3,"food, order, staff, location"
18,2 months ago,The boy who attended me made me wait and when he saw that the drink was wrong he threw the bag of food at me with a grimace. So disappointed!,1 star,The boy who attended me made me wait and when he saw that the drink was wrong he threw the bag of food at me with a grimace.,"drink, boy, bag",3,"food, order, staff, location"
19,7 months ago,I am not happy at all today I went and bought 4 Strawberry Banana smoothies and and 2 hash browns and my smoothies tasted like straight ice and water smh. And I am very disappointed in there service my smoothie should never taste like that never especially the fact I bought it for not only me but my kids. I need someone to contact me from corporate or something. I am not happy at all waste of moneyÃÂ¯ÃÂ¿ÃÂ½,1 star,I am not happy at all today I went and bought 4 Strawberry Banana smoothies and and 2 hash browns and my smoothies tasted like straight ice and water smh.. And I am very disappointed in there service my smoothie should never taste like that never especially the fact I bought it for not only me. I need someone to contact me from corporate or something.,"water smh, strawberry banana, smoothie disappointed, straight ice, hash, fact, someone, smoothy taste, strawberry",1,"time, food, order, service"
20,7 months ago,The staff seems to always be different which makes ordering sometimes a little difficult because they are in a state of perpetual learning which can also lead to waiting a bit longer but the lobby is always clean as well as the bathrooms,4 stars,The staff seems to always be different which makes ordering sometimes a little difficult because they are in a state of perpetual learning which can also lead to waiting a bit longer. the lobby is always clean as well as the bathrooms,"order, lobby, staff, perpetual learning",3,"food, order, staff, location"
21,10 months ago,"Can't believe experience with order taker. Went from drive thru and employee directly asks what do you want. He keeps rushing while taking order with no other cars placing order. We wanted to add one more item and asked for a minute. He keeps asking what else. When I said we are ready - no response. There were no other car placing order that time either. I told again we are ready. responded after a pause. Again what do you want... excuse me.. who talks to customers like this ??
I asked for his name to put a review and he flat out denied. I asked for receipt before handing my credit card. He swipes it and returns back my card. I m waiting for a receipt with my family in the car. He starts inputing another order on his tablet. Waited for sometime and then I waive my hand several times. He opens window and said you can get receipt from next window. Excuse me ??
Went to next window - picked up food, asked for Manager and got his name JAMAR. My receipt states 08/06/2022 7:20pm Order 05
I didn't want to complain but this was intolerable.",1 star,"Cannot believe experience with order taker.. He keeps rushing while taking order with no other cars placing order.. We wanted to add one more item and asked for a minute.. There were no other car placing order that time either.. I asked for his name to put a review and he flat out denied.. I asked for receipt before handing my credit card.. He swipes it and returns back my card.. Waited for sometime and then I waive my hand several times.. He opens window and said you can get receipt from next window.. Went to next window - picked up food. asked for Manager and got his name JAMAR.. My receipt states 08/06/2022 7:20pm Order 05
I did not want to complain","rush, several time, review, next window, food, more item, order taker, other car, credit card, experience, receipt state, take order, place order, pm order, name, receipt, name jamar, card, car place, hand",0,"order, time, service"
22,4 years ago,"Meh.. just meh. When I finally get the correct order, it is generally tasty. I'm a picky eater, and have found ways to navigate the menu to get items I like. Worked in the service industry for years as a server, bartender, and trainer. Taking and fulfilling orders is NOT hard, tedious at times though. I only go here when I see they are not busy, in hope that my order is correct when I go to leave. In the 10 times that I have been here in the past past year, I have only had 1 order that was perfectly correct. Just ONE, not an exaggeration. That one order was just 2 large fries and nothing else. Though I will mention that when I got home and pulled them out of the bag, they were hardly what you'd call filled, (nor did I enjoy any on the 3 minute drive home) so little so that I even sent a picture and post to McDonald's on Facebook, at least the few were hot. The evening staff is very pleasant, but the morning staff leaves a lot to be desired, as well as thinking that they can talk negatively about people in Spanish out in the open which, being a light skinned Puerto Rican, I understand perfectly. I have submitted several complaints and NEVER received a call or email back. I just don't go here anymore to avoid the stress of paying money for something that is most likely wrong.",1 star,Meh.. just meh.. When I finally get the correct order. I am a picky eater. and have found ways to navigate the menu to get items I like.. Worked in the service industry for years as a server. bartender. Taking and fulfilling orders is NOT hard. in hope that my order is correct when I go to leave.. In the 10 times that I have been here in the past past year. I have only had 1 order that was perfectly correct.. That one order was just 2 large fries and nothing else.. they were hardly what you would call filled. nor did I enjoy any on the 3 minute drive home so little so that I even sent a picture and post to McDonald's on Facebook. The evening staff is very pleasant. but the morning staff leaves a lot to be desired. being a light skinned Puerto Rican. I have submitted several complaints and NEVER received a call or email back.. I just do not go here anymore to avoid the stress of paying money for something that is most likely wrong.,"stress, minute drive, picky eater, pay money, morning staff, correct order, order, fill, light skin, past year, drive home, meh, bartender, call, picture, item, lot, large fry, work, menu, skin puerto, evening staff, service industry, several complaint, way",0,"order, time, service"
23,a month ago,Just needed caffeine. The staff at the drive thru just shoved the drink in my hands. Not very professional.,2 stars,Just needed caffeine.. The staff at the drive thru just shoved the drink in my hands.,"drink, caffeine",4,"drive, thru, order, location, food, time"
24,8 months ago,"This is consistently the worst meal you will pay for. Microwaved nuggets, cold fries and a 30 minute wait. What more can you ask for? Dont go here ever! Your better off going hungry or giving the meal you payed for to the homeless by the donation box behind the drive thru.",1 star,This is consistently the worst meal you will pay for.. Microwaved nuggets. cold fries and a 30 minute wait.. Your better off going hungry or giving the meal you payed for to the homeless by the donation box behind the drive thru.,"minute wait, bad meal, meal, cold fry, microwave nugget, donation box, minute",4,"drive, thru, order, location, food, time"
25,4 months ago,DidnÃÂ¯ÃÂ¿ÃÂ½ÃÂ¯ÃÂ¿ÃÂ½ÃÂ¯ÃÂ¿ÃÂ½ÃÂ¯ÃÂ¿ÃÂ½ÃÂ¯ÃÂ¿ÃÂ½ÃÂ¯ÃÂ¿ÃÂ½ÃÂ¯ÃÂ¿ÃÂ½ÃÂ¯ÃÂ¿ÃÂ½ÃÂ¯ÃÂ¿ÃÂ½ÃÂ¯ÃÂ¿ÃÂ½ÃÂ¯ÃÂ¿ÃÂ½ÃÂ¯ÃÂ¿ÃÂ½ÃÂ¯ÃÂ¿ÃÂ½ÃÂ¯ÃÂ¿ÃÂ½ÃÂ¯ÃÂ¿ÃÂ½ÃÂ¯ÃÂ¿ÃÂ½ÃÂ¯ÃÂ¿ÃÂ½ÃÂ¯ÃÂ¿ÃÂ½ÃÂ¯ÃÂ¿ÃÂ½ÃÂ¯ÃÂ¿ÃÂ½ÃÂ¯ÃÂ¿ÃÂ½ÃÂ¯ÃÂ¿ÃÂ½ÃÂ¯ÃÂ¿ÃÂ½ÃÂ¯ÃÂ¿ÃÂ½ÃÂ¯ÃÂ¿ÃÂ½ÃÂ¯ÃÂ¿ÃÂ½ÃÂ¯ÃÂ¿ÃÂ½t take card. But didnÃÂ¯ÃÂ¿ÃÂ½ÃÂ¯ÃÂ¿ÃÂ½ÃÂ¯ÃÂ¿ÃÂ½ÃÂ¯ÃÂ¿ÃÂ½ÃÂ¯ÃÂ¿ÃÂ½ÃÂ¯ÃÂ¿ÃÂ½ÃÂ¯ÃÂ¿ÃÂ½ÃÂ¯ÃÂ¿ÃÂ½ÃÂ¯ÃÂ¿ÃÂ½ÃÂ¯ÃÂ¿,1 star,Didnt take card.,card,0,"order, time, service"
26,6 months ago,McDonaldÃÂ¯ÃÂ¿ÃÂ½ÃÂ¯ÃÂ¿ÃÂ½ÃÂ¯ÃÂ¿ÃÂ½ÃÂ¯ÃÂ¿ÃÂ½ÃÂ¯ÃÂ¿ÃÂ½ÃÂ¯ÃÂ¿ÃÂ½ÃÂ¯ÃÂ¿ÃÂ½ÃÂ¯ÃÂ¿ÃÂ½ÃÂ¯ÃÂ¿ÃÂ½ÃÂ¯ÃÂ¿ÃÂ½ÃÂ¯ÃÂ¿ÃÂ½ÃÂ¯ÃÂ¿ÃÂ½ÃÂ¯ÃÂ¿ÃÂ½ÃÂ¯ÃÂ¿ÃÂ½ÃÂ¯ÃÂ¿ÃÂ½ÃÂ¯ÃÂ¿ÃÂ½ÃÂ¯ÃÂ¿ÃÂ½ÃÂ¯ÃÂ¿ÃÂ½ÃÂ¯ÃÂ¿ÃÂ½ÃÂ¯ÃÂ¿ÃÂ½ÃÂ¯ÃÂ¿ÃÂ½ÃÂ¯ÃÂ¿ÃÂ½ÃÂ¯ÃÂ¿ÃÂ½ÃÂ¯ÃÂ¿ÃÂ½ÃÂ¯ÃÂ¿ÃÂ½ÃÂ¯ÃÂ¿ÃÂ½ÃÂ¯ÃÂ¿ÃÂ½s is proud to own the most broken ice cream machines on the planet. When I asked at the drive through if they had ice cream the lady replied ÃÂ¯ÃÂ¿ÃÂ½ÃÂ¯ÃÂ¿ÃÂ½ÃÂ¯ÃÂ¿ÃÂ½ÃÂ¯ÃÂ¿ÃÂ½ÃÂ¯ÃÂ¿ÃÂ½ÃÂ¯ÃÂ¿ÃÂ½ÃÂ¯ÃÂ¿ÃÂ½ÃÂ¯ÃÂ¿ÃÂ½ÃÂ¯ÃÂ¿ÃÂ½ÃÂ¯ÃÂ¿ÃÂ½ÃÂ¯ÃÂ¿ÃÂ½ÃÂ¯ÃÂ¿ÃÂ½ÃÂ¯ÃÂ¿ÃÂ½ÃÂ¯ÃÂ¿ÃÂ½ÃÂ¯ÃÂ¿ÃÂ½ÃÂ¯ÃÂ¿ÃÂ½ÃÂ¯ÃÂ¿ÃÂ½ÃÂ¯ÃÂ¿ÃÂ½ÃÂ¯ÃÂ¿ÃÂ½ÃÂ¯ÃÂ¿ÃÂ½ÃÂ¯ÃÂ¿ÃÂ½ÃÂ¯ÃÂ¿ÃÂ½ÃÂ¯ÃÂ¿ÃÂ½ÃÂ¯ÃÂ¿ÃÂ½ÃÂ¯ÃÂ¿ÃÂ½ÃÂ¯ÃÂ¿ÃÂ½ÃÂ¯ÃÂ¿ÃÂ½naÃÂ¯ÃÂ¿ÃÂ½ÃÂ¯ÃÂ¿ÃÂ½ÃÂ¯ÃÂ¿ÃÂ½ÃÂ¯ÃÂ¿ÃÂ½ÃÂ¯ÃÂ¿ÃÂ½ÃÂ¯ÃÂ¿ÃÂ½ÃÂ¯ÃÂ¿ÃÂ½ÃÂ¯ÃÂ¿ÃÂ½ÃÂ¯ÃÂ¿ÃÂ½ÃÂ¯ÃÂ¿ÃÂ½ÃÂ¯ÃÂ¿ÃÂ½ÃÂ¯ÃÂ¿ÃÂ½ÃÂ¯ÃÂ¿ÃÂ½ÃÂ¯ÃÂ¿ÃÂ½ÃÂ¯ÃÂ¿ÃÂ½ÃÂ¯ÃÂ¿ÃÂ½ÃÂ¯ÃÂ¿ÃÂ½ÃÂ¯,1 star,McDonalds is proud to own the most broken ice cream machines on the planet.. When I asked at the drive through if they had ice cream the lady replied na,"lady reply, ice cream, broken ice, mcdonalds, cream machine",6,"drive, time, food, order, service"
27,a month ago,With all the new upgrades everything looks great and clean great staff,4 stars,With all the new upgrades everything looks great and clean great staff,"everything, great staff",3,"food, order, staff, location"
28,a month ago,DoesnÃÂ¯ÃÂ¿ÃÂ½ÃÂ¯ÃÂ¿ÃÂ½ÃÂ¯ÃÂ¿ÃÂ½ÃÂ¯ÃÂ¿ÃÂ½ÃÂ¯ÃÂ¿ÃÂ½ÃÂ¯ÃÂ¿ÃÂ½ÃÂ¯ÃÂ¿ÃÂ½ÃÂ¯ÃÂ¿ÃÂ½ÃÂ¯ÃÂ¿ÃÂ½ÃÂ¯ÃÂ¿ÃÂ½ÃÂ¯ÃÂ¿ÃÂ½ÃÂ¯ÃÂ¿ÃÂ½ÃÂ¯ÃÂ¿ÃÂ½ÃÂ¯ÃÂ¿ÃÂ½ÃÂ¯ÃÂ¿ÃÂ½ÃÂ¯ÃÂ¿ÃÂ½ÃÂ¯ÃÂ¿ÃÂ½ÃÂ¯ÃÂ¿ÃÂ½ÃÂ¯ÃÂ¿ÃÂ½ÃÂ¯ÃÂ¿ÃÂ½ÃÂ¯ÃÂ¿ÃÂ½ÃÂ¯ÃÂ¿ÃÂ½ÃÂ¯ÃÂ¿ÃÂ½ÃÂ¯ÃÂ¿,2 stars,Doesn,doesn,0,"order, time, service"
29,3 months ago,Yet another McDonald's with horrible service and lazy employees. I mean c'mon do they intentionally hire unqualified people???,1 star,Yet another McDonald's with horrible service and lazy employees.. I mean c'mon do they intentionally hire unqualified people,"unqualified people, horrible service, lazy employee",1,"time, food, order, service"
30,3 years ago,First and last time I go to this location. Look at my receipt and what I got. ThatÃÂ¯ÃÂ¿ÃÂ½ÃÂ¯ÃÂ¿ÃÂ½ÃÂ¯ÃÂ¿ÃÂ½ÃÂ¯ÃÂ¿ÃÂ½ÃÂ¯ÃÂ¿ÃÂ½ÃÂ¯ÃÂ¿ÃÂ½ÃÂ¯ÃÂ¿ÃÂ½ÃÂ¯ÃÂ¿ÃÂ½ÃÂ¯ÃÂ¿ÃÂ½ÃÂ¯ÃÂ¿ÃÂ½ÃÂ¯ÃÂ¿ÃÂ½ÃÂ¯ÃÂ¿ÃÂ½ÃÂ¯ÃÂ¿ÃÂ½ÃÂ¯ÃÂ¿ÃÂ½ÃÂ¯ÃÂ¿ÃÂ½ÃÂ¯ÃÂ¿ÃÂ½ÃÂ¯ÃÂ¿ÃÂ½ÃÂ¯ÃÂ¿ÃÂ½ÃÂ¯ÃÂ¿ÃÂ½ÃÂ¯ÃÂ¿ÃÂ½ÃÂ¯ÃÂ¿ÃÂ½ÃÂ¯ÃÂ¿ÃÂ½ÃÂ¯ÃÂ¿ÃÂ½ÃÂ¯ÃÂ¿ÃÂ½ÃÂ¯ÃÂ¿ÃÂ½ÃÂ¯ÃÂ¿ÃÂ½ÃÂ¯ÃÂ¿ÃÂ½s a plain sausage biscuit plus a double quarter pounder. I didnÃÂ¯ÃÂ¿ÃÂ½ÃÂ¯ÃÂ¿ÃÂ½ÃÂ¯ÃÂ¿ÃÂ½ÃÂ¯ÃÂ¿ÃÂ½ÃÂ¯ÃÂ¿ÃÂ½ÃÂ¯ÃÂ¿ÃÂ½ÃÂ¯ÃÂ¿ÃÂ½ÃÂ¯ÃÂ¿ÃÂ½ÃÂ¯ÃÂ¿ÃÂ½ÃÂ¯ÃÂ¿ÃÂ½ÃÂ¯ÃÂ¿ÃÂ½ÃÂ¯ÃÂ¿ÃÂ½ÃÂ¯ÃÂ¿ÃÂ½ÃÂ¯ÃÂ¿ÃÂ½ÃÂ¯ÃÂ¿ÃÂ½ÃÂ¯ÃÂ¿ÃÂ½ÃÂ¯ÃÂ¿ÃÂ½,1 star,First and last time I go to this location.. Thats a plain sausage biscuit plus a double quarter pounder.,"last time, plain sausage, quarter pounder, sausage biscuit, double quarter",2,"order, time, drive"
31,2 years ago,(Sarcasm) this was exactly what I ordered! A 20 minute wait in the drive through for a room temperature caramel mocha that was less than 2/3 full!,1 star,Sarcasm this was exactly what I ordered!. A 20 minute wait in the drive through for a room temperature caramel mocha that was less than 2/3 full!,"sarcasm, minute wait, temperature caramel, room temperature, caramel mocha",2,"order, time, drive"
32,9 months ago,"This location is wack.
They will literally stop taking orders and make people sit in the parking lot for like 12 minutes until 3:00 a.m. so that they don't get to order dinner food anymore.
We have gone multiple times right after leaving the pinballz arcade just to sit in the parking lot in the Drive-Thru line waiting while they do nothing but wait for the order menu to change over.
Look McDonald's if I wanted a breakfast deluxe I wouldn't have shown up at 2:30 in the morning thank you.",2 stars,This location is wack.. They will literally stop taking orders and make people sit in the parking lot for like 12 minutes until 3:00 a.m. so that they do not get to order dinner food anymore.. We have gone multiple times right after leaving the pinballz arcade just to sit in the parking lot in the Drive-Thru line waiting while they do nothing. wait for the order menu to change over.. Look McDonald's if I wanted a breakfast deluxe I would not have shown up at 2:30 in the morning thank you.,"line, parking lot, nothing, morning, show, location, order, multiple time, mcdonald, dinner food, people, pinballz arcade, breakfast, minute, order menu",5,"order, location"
33,a year ago,They did not honor there advertised price. This is extra pickles.,1 star,They did not honor there advertised price.. This is extra pickles.,"extra pickle, advertised price",0,"order, time, service"
34,a year ago,"Just spent 10 minutes waiting at this McDonald's . According to Google they're open 24/7. Finally we pull up to the window to see if anyone was there, sure enough one employee seated in the lobby and another at the window. She told me they were closed. Whoever these two are they need to be replaced. Get it together McDonald's. You're a corporate power house and you have a reputation to keep. One of the most unprofessional experiences I've ever had with fast food. 0/10 would not recomend this location.",1 star,Just spent 10 minutes waiting at this McDonald's .. According to Google they are open 24/7.. Finally we pull up to the window to see if anyone was there. sure enough one employee seated in the lobby and another at the window.. You are a corporate power house and you have a reputation to keep.. One of the most unprofessional experiences I have ever had with fast food.. 0/10 would not recomend this location.,"accord, minute wait, window, unprofessional experience, anyone, power house, reputation, location, corporate power, fast food, employee seat",3,"food, order, staff, location"
35,10 months ago,We hit it off pretty good in the beginning everything was great but that didnÃÂ¯ÃÂ¿ÃÂ½ÃÂ¯ÃÂ¿ÃÂ½ÃÂ¯ÃÂ¿ÃÂ½ÃÂ¯ÃÂ¿ÃÂ½ÃÂ¯ÃÂ¿ÃÂ½ÃÂ¯ÃÂ¿ÃÂ½ÃÂ¯ÃÂ¿ÃÂ½ÃÂ¯ÃÂ¿ÃÂ½ÃÂ¯ÃÂ¿ÃÂ½ÃÂ¯ÃÂ¿ÃÂ½ÃÂ¯ÃÂ¿ÃÂ½ÃÂ¯ÃÂ¿ÃÂ½ÃÂ¯ÃÂ¿ÃÂ½ÃÂ¯ÃÂ¿ÃÂ½ÃÂ¯ÃÂ¿ÃÂ½ÃÂ¯ÃÂ¿ÃÂ½ÃÂ¯ÃÂ¿ÃÂ½ÃÂ¯ÃÂ¿ÃÂ½ÃÂ¯ÃÂ¿ÃÂ½ÃÂ¯ÃÂ¿ÃÂ½ÃÂ¯ÃÂ¿ÃÂ½ÃÂ¯ÃÂ¿ÃÂ½ÃÂ¯ÃÂ¿ÃÂ½ÃÂ¯ÃÂ¿ÃÂ½ÃÂ¯ÃÂ¿ÃÂ½ÃÂ¯ÃÂ¿ÃÂ½ÃÂ¯ÃÂ¿ÃÂ½t last long. I mean the service is fast but with attitude an,2 stars,We hit it off pretty good in the beginning everything was great. I mean the service is fast,"everything, service",1,"time, food, order, service"
36,a year ago,"This location is a horrible store to work for. The General Manger Omar Delgado  doesnÃÂ¯ÃÂ¿ÃÂ½ÃÂ¯ÃÂ¿ÃÂ½ÃÂ¯ÃÂ¿ÃÂ½ÃÂ¯ÃÂ¿ÃÂ½ÃÂ¯ÃÂ¿ÃÂ½ÃÂ¯ÃÂ¿ÃÂ½ÃÂ¯ÃÂ¿ÃÂ½ÃÂ¯ÃÂ¿ÃÂ½ÃÂ¯ÃÂ¿ÃÂ½ÃÂ¯ÃÂ¿ÃÂ½ÃÂ¯ÃÂ¿ÃÂ½ÃÂ¯ÃÂ¿ÃÂ½ÃÂ¯ÃÂ¿ÃÂ½ÃÂ¯ÃÂ¿ÃÂ½ÃÂ¯ÃÂ¿ÃÂ½ÃÂ¯ÃÂ¿ÃÂ½ÃÂ¯ÃÂ¿ÃÂ½ÃÂ¯ÃÂ¿ÃÂ½ÃÂ¯ÃÂ¿ÃÂ½ÃÂ¯ÃÂ¿ÃÂ½ÃÂ¯ÃÂ¿ÃÂ½ÃÂ¯ÃÂ¿ÃÂ½ÃÂ¯ÃÂ¿ÃÂ½ÃÂ¯ÃÂ¿ÃÂ½ÃÂ¯ÃÂ¿ÃÂ½ÃÂ¯ÃÂ¿ÃÂ½ÃÂ¯ÃÂ¿ÃÂ½t know how to run a store efficiently. The Supervisor, Eduardo doesnÃÂ¯ÃÂ¿ÃÂ½ÃÂ¯ÃÂ¿ÃÂ½ÃÂ¯ÃÂ¿ÃÂ½ÃÂ¯ÃÂ¿ÃÂ½ÃÂ¯ÃÂ¿ÃÂ½ÃÂ¯ÃÂ¿ÃÂ½ÃÂ¯ÃÂ¿ÃÂ½ÃÂ¯ÃÂ¿ÃÂ½ÃÂ¯ÃÂ¿ÃÂ½ÃÂ¯ÃÂ¿ÃÂ½ÃÂ¯ÃÂ¿ÃÂ½ÃÂ¯ÃÂ¿ÃÂ½ÃÂ¯ÃÂ¿ÃÂ½ÃÂ¯ÃÂ¿ÃÂ½ÃÂ¯ÃÂ¿ÃÂ½ÃÂ¯ÃÂ¿ÃÂ½ÃÂ¯ÃÂ¿ÃÂ½ÃÂ¯ÃÂ¿ÃÂ½ÃÂ¯ÃÂ¿ÃÂ½ÃÂ¯ÃÂ¿ÃÂ½ÃÂ¯ÃÂ¿ÃÂ½ÃÂ¯ÃÂ¿ÃÂ½ÃÂ¯ÃÂ¿ÃÂ½ÃÂ¯ÃÂ¿ÃÂ½ÃÂ¯ÃÂ¿ÃÂ½ÃÂ¯ÃÂ¿ÃÂ½ÃÂ¯ÃÂ¿ÃÂ½t care how itÃÂ¯ÃÂ¿ÃÂ½ÃÂ¯ÃÂ¿ÃÂ½ÃÂ¯ÃÂ¿ÃÂ½ÃÂ¯ÃÂ¿ÃÂ½ÃÂ¯ÃÂ¿ÃÂ½ÃÂ¯ÃÂ¿ÃÂ½ÃÂ¯ÃÂ¿ÃÂ½ÃÂ¯ÃÂ¿ÃÂ½ÃÂ¯ÃÂ¿ÃÂ½ÃÂ¯ÃÂ¿ÃÂ½ÃÂ¯ÃÂ¿ÃÂ½ÃÂ¯ÃÂ¿ÃÂ½ÃÂ¯ÃÂ¿ÃÂ½ÃÂ¯ÃÂ¿ÃÂ½ÃÂ¯ÃÂ¿ÃÂ½ÃÂ¯ÃÂ¿ÃÂ½ÃÂ¯ÃÂ¿ÃÂ½ÃÂ¯ÃÂ¿ÃÂ½ÃÂ¯ÃÂ¿ÃÂ½ÃÂ¯ÃÂ¿ÃÂ½ÃÂ¯ÃÂ¿ÃÂ½ÃÂ¯ÃÂ¿ÃÂ½ÃÂ¯ÃÂ¿ÃÂ½ÃÂ¯ÃÂ¿ÃÂ½ÃÂ¯ÃÂ¿ÃÂ½ÃÂ¯ÃÂ¿ÃÂ½ÃÂ¯ÃÂ¿ÃÂ½s ran either.  As someone who used to work here at the Manger ",1 star,This location is a horrible store to work for.. The General Manger Omar Delgado  doesnt know how to run a store efficiently.. Eduardo doesnt care how its ran either.,"location, omar delgado, eduardo, general manger, horrible store, store, manger omar",4,"drive, thru, order, location, food, time"
37,7 months ago,This is 3rd time I got this ÃÂ¯ÃÂ¿ÃÂ½ÃÂ¯ÃÂ¿ÃÂ½ÃÂ¯ÃÂ¿ÃÂ½ÃÂ¯ÃÂ¿ÃÂ½ÃÂ¯ÃÂ¿ÃÂ½ÃÂ¯ÃÂ¿ÃÂ½ÃÂ¯ÃÂ¿ÃÂ½ÃÂ¯ÃÂ¿ÃÂ½ÃÂ¯ÃÂ¿ÃÂ½ÃÂ¯ÃÂ¿ÃÂ½ÃÂ¯ÃÂ¿ÃÂ½ÃÂ¯ÃÂ¿ÃÂ½ÃÂ¯ÃÂ¿ÃÂ½ÃÂ¯,1 star,This is 3rd time I got this,3rd time,2,"order, time, drive"
38,4 months ago,The staff are very friendly and they do their job perfectly,5 stars,The staff are very friendly and they do their job perfectly,"job, staff",3,"food, order, staff, location"
39,3 months ago,Awesome service! Food hot!  Best ever,5 stars,Awesome service!. Food hot!,"awesome service, food",1,"time, food, order, service"
40,9 months ago,"Went through the drive through ordered a large fry and two chicken deluxe sandwiches
Got to the pay window and the read it back as two spicey chicken sandwiches
I restated that I wanted the deluxe crispy chicken sandwich
They said they would fix it after having to pay a second time for the lettuce and tomatoÃÂ¯ÃÂ¿ÃÂ½ÃÂ¯ÃÂ¿ÃÂ½ÃÂ¯ÃÂ¿ÃÂ½ÃÂ¯ÃÂ¿ÃÂ½ÃÂ¯ÃÂ¿ÃÂ½ÃÂ¯ÃÂ¿ÃÂ½ÃÂ¯ÃÂ¿ÃÂ½ÃÂ¯ÃÂ¿ÃÂ½ÃÂ¯ÃÂ¿ÃÂ½ÃÂ¯ÃÂ¿ÃÂ½ÃÂ¯ÃÂ¿ÃÂ½ÃÂ¯ÃÂ¿ÃÂ½ÃÂ¯ÃÂ¿ÃÂ½ÃÂ¯ÃÂ¿ÃÂ½ÃÂ¯ÃÂ¿ÃÂ½ÃÂ¯ÃÂ¿ÃÂ½ÃÂ¯ÃÂ¿ÃÂ½ÃÂ¯ÃÂ¿ÃÂ½ÃÂ¯ÃÂ¿ÃÂ½ÃÂ¯ÃÂ¿ÃÂ½ÃÂ¯ÃÂ¿ÃÂ½ÃÂ¯ÃÂ¿ÃÂ½ÃÂ¯ÃÂ¿ÃÂ½ÃÂ¯ÃÂ¿ÃÂ½ÃÂ¯ÃÂ¿ÃÂ½ÃÂ¯ÃÂ¿ÃÂ½ÃÂ¯ÃÂ¿ÃÂ½ then when I got the order it was still a spicey chicken sandwich INSIDE a deluxe crispy chicken b",1 star,"Went through the drive through ordered a large fry and two chicken deluxe sandwiches
Got to the pay window and the read it back as two spicey chicken sandwiches
I restated that I wanted the deluxe crispy chicken sandwich
They said they would fix it after having to pay a second time for the lettuce and tomato then when I got the order it was still a spicey chicken sandwich INSIDE a deluxe crispy chicken b","chicken sandwich, large fry, chicken b, crispy chicken, pay window, second time, deluxe sandwich, spicey chicken",2,"order, time, drive"
41,11 months ago,If you didnÃÂ¯ÃÂ¿ÃÂ½ÃÂ¯ÃÂ¿ÃÂ½ÃÂ¯ÃÂ¿ÃÂ½ÃÂ¯ÃÂ¿ÃÂ½ÃÂ¯ÃÂ¿ÃÂ½ÃÂ¯ÃÂ¿ÃÂ½ÃÂ¯ÃÂ¿ÃÂ½ÃÂ¯ÃÂ¿ÃÂ½ÃÂ¯ÃÂ¿ÃÂ½ÃÂ¯ÃÂ¿ÃÂ½ÃÂ¯ÃÂ¿ÃÂ½ÃÂ¯ÃÂ¿ÃÂ½ÃÂ¯ÃÂ¿ÃÂ½ÃÂ¯ÃÂ¿ÃÂ½ÃÂ¯ÃÂ¿ÃÂ½ÃÂ¯ÃÂ¿ÃÂ½ÃÂ¯ÃÂ¿ÃÂ½ÃÂ¯ÃÂ¿ÃÂ½ÃÂ¯ÃÂ¿ÃÂ½ÃÂ¯ÃÂ¿ÃÂ½ÃÂ¯ÃÂ¿ÃÂ½ÃÂ¯ÃÂ¿ÃÂ½ÃÂ¯ÃÂ¿ÃÂ½ÃÂ¯ÃÂ¿ÃÂ½ÃÂ¯ÃÂ¿ÃÂ½ÃÂ¯ÃÂ¿ÃÂ½ÃÂ¯ÃÂ¿ÃÂ½t take 15 minutes to take a few orders IÃÂ¯ÃÂ¿ÃÂ½ÃÂ¯ÃÂ¿ÃÂ½ÃÂ¯ÃÂ¿ÃÂ½ÃÂ¯ÃÂ¿ÃÂ½ÃÂ¯ÃÂ¿ÃÂ½ÃÂ¯ÃÂ¿ÃÂ½ÃÂ¯ÃÂ¿ÃÂ½ÃÂ¯ÃÂ¿ÃÂ½ÃÂ¯ÃÂ¿ÃÂ½ÃÂ¯ÃÂ¿ÃÂ½ÃÂ¯ÃÂ¿ÃÂ½ÃÂ¯ÃÂ¿ÃÂ½ÃÂ¯ÃÂ¿ÃÂ½ÃÂ¯ÃÂ¿ÃÂ½ÃÂ¯ÃÂ¿ÃÂ½ÃÂ¯ÃÂ¿ÃÂ½ÃÂ¯ÃÂ¿ÃÂ½ÃÂ¯ÃÂ¿ÃÂ½ÃÂ¯ÃÂ¿ÃÂ½ÃÂ¯ÃÂ¿ÃÂ½ÃÂ¯ÃÂ¿ÃÂ½ÃÂ¯ÃÂ¿ÃÂ½ÃÂ¯ÃÂ¿ÃÂ½ÃÂ¯ÃÂ¿ÃÂ½ÃÂ¯ÃÂ¿ÃÂ½ÃÂ¯ÃÂ¿ÃÂ½ÃÂ¯ÃÂ¿ÃÂ½d be able to order off your normal menu instead of the disgusting br,1 star,If you didnt take 15 minutes to take a few orders Id be able to order off your normal menu instead of the disgusting br,"few order, disgusting br, normal menu, order id, minute",5,"order, location"
42,a year ago,"This is the WORST McDonald's EVER, I don't come here often because when I do my order is wrong EVERY TIME.  Today 2/25/22 1130am 1 the drive thru person could barely hear me and I was almost yelling 2 I get to the next window after paying and I'm asked what did you order?? I tell them at the end of me repeating my order I now have your entire staff looking CONFUSED AS HELL like I just dropped outta the sky now I'm being asked did I pay? Are you sure you ordered at the speaker? Now all of ya'll wear head sets except for the cooks the worst leadership I've ever seen",1 star,This is the WORST McDonald's EVER. I do not come here often because when I do my order is wrong EVERY TIME.. Today 2/25/22 1130am 1 the drive thru person could barely hear me and I was almost yelling 2 I get to the next window after paying and I am asked what did you order. I tell them at the end of me repeating my order I now have your entire staff looking CONFUSED AS HELL like I just dropped outta the sky now I am being asked did I pay. Now all of ya'll wear head sets except for the cooks the worst leadership I have ever seen,"head, next window, sky, leadership bad, today, drive, hell, order, staff look, entire staff, worst mcdonald, bad leadership",0,"order, time, service"
43,a year ago,"Me and my girlfriend came tonight to pick up our food after 11pm for a mobile order, they need a better system if you are walking on foot. The food tasted great, loved the McDonald's deal ordering from the app.",3 stars,Me and my girlfriend came tonight to pick up our food after 11pm for a mobile order. they need a better system if you are walking on foot.. The food tasted great. loved the McDonald's deal ordering from the app.,"tonight, food, mobile order, good system, food taste, deal, girlfriend",3,"food, order, staff, location"
44,7 months ago,"Been frequenting this location for a few years.Morning,mid-day and night,the food is always hot,fresh and served with a smile.",5 stars,Been frequenting this location for a few years.Morning. mid-day and night. the food is always hot,"mid-day, food, few years.morning",3,"food, order, staff, location"
45,4 months ago,The drinks were watered down and the employee was downright rude when asked to replace the drinks.!!,1 star,The drinks were watered down and the employee was downright rude when asked to replace the drinks.!,"drink, employee",0,"order, time, service"
46,a year ago,"I ordered a Large fry buy after arriving to my destination I saw they did not fill the carton up.  They gave me a small portion for what I paid for.  This is not right and management needs to correct this.  Stealing from customers is plain wrong.  When ordering a large, they expect to get what should come in a large.  I noticed after my bad experience that your reviews are low.  In order order to create a good business, giving people an exceptional experience should be your goal not the opposite.",2 stars,I ordered a Large fry buy after arriving to my destination I saw they did not fill the carton up.. They gave me a small portion for what I paid for.. This is not right and management needs to correct this.. Stealing from customers is plain wrong.. I noticed after my bad experience that your reviews are low.. In order order to create a good business. giving people an exceptional experience should be your goal not the opposite.,"good business, management right, large fry, review, order order, exceptional experience, small portion, carton, goal exceptional, customer, people, bad experience",5,"order, location"
47,5 months ago,Will not answer my call. Messed up my order 4times in and hour!,1 star,Will not answer my call.. Messed up my order 4times in and hour!,"mess, call, order 4times",2,"order, time, drive"
48,a year ago,Slow always have wait for my food and have to go back in to get it fixed.  No one ever iles or has a none fake smile. No welcome to McDonald's or have a great day especially in drive through . And if you do say something's wrong you get a major attitude especially from the shift manager guy tall black guy .  ( Sorry don't know his name ),1 star,Slow always have wait for my food and have to go back in to get it fixed.. No one ever iles or has a none fake smile.. No welcome to McDonald's or have a great day especially in drive through .. And if you do say something's wrong you get a major attitude especially from the shift manager guy tall black guy ..  Sorry do not know his name ,"major attitude, fake smile, wait, name, one, wrong, great day, black guy, shift manager, manager guy",6,"drive, time, food, order, service"
49,a year ago,Horrible service worker with a stank attitude for no reason working at the window mute with an attitude mad because she is miserable at work . They mess up the order and then donÃÂ¯ÃÂ¿ÃÂ½ÃÂ¯ÃÂ¿ÃÂ½ÃÂ¯ÃÂ¿ÃÂ½ÃÂ¯ÃÂ¿ÃÂ½ÃÂ¯ÃÂ¿ÃÂ½ÃÂ¯ÃÂ¿ÃÂ½ÃÂ¯ÃÂ¿ÃÂ½ÃÂ¯ÃÂ¿ÃÂ½ÃÂ¯ÃÂ¿ÃÂ½ÃÂ¯ÃÂ¿ÃÂ½ÃÂ¯ÃÂ¿ÃÂ½ÃÂ¯ÃÂ¿ÃÂ½ÃÂ¯ÃÂ¿ÃÂ½ÃÂ¯ÃÂ¿ÃÂ½ÃÂ¯ÃÂ¿ÃÂ½ÃÂ¯ÃÂ¿ÃÂ½ÃÂ¯ÃÂ¿ÃÂ½ÃÂ¯ÃÂ¿ÃÂ½ÃÂ¯ÃÂ¿ÃÂ½ÃÂ¯ÃÂ¿ÃÂ½ÃÂ¯ÃÂ¿ÃÂ½ÃÂ¯ÃÂ¿ÃÂ½ÃÂ¯ÃÂ¿ÃÂ½ÃÂ¯ÃÂ¿ÃÂ½ÃÂ¯ÃÂ¿ÃÂ½ÃÂ¯ÃÂ¿ÃÂ½ÃÂ¯ÃÂ¿ÃÂ½t answer the phone itÃÂ¯ÃÂ¿ÃÂ½ÃÂ¯ÃÂ¿ÃÂ½ÃÂ¯ÃÂ¿ÃÂ½ÃÂ¯ÃÂ¿ÃÂ½ÃÂ¯ÃÂ¿ÃÂ½ÃÂ¯ÃÂ¿ÃÂ½ÃÂ¯ÃÂ¿ÃÂ½ÃÂ¯ÃÂ¿ÃÂ½ÃÂ¯ÃÂ¿ÃÂ½ÃÂ¯ÃÂ¿ÃÂ½ÃÂ¯ÃÂ¿ÃÂ½ÃÂ¯ÃÂ¿ÃÂ½ÃÂ¯ÃÂ¿ÃÂ½ÃÂ¯ÃÂ¿ÃÂ½ÃÂ¯ÃÂ¿ÃÂ½ÃÂ¯ÃÂ¿ÃÂ½ÃÂ¯ÃÂ¿ÃÂ½ÃÂ¯ÃÂ¿ÃÂ½ÃÂ¯ÃÂ¿ÃÂ½ÃÂ¯ÃÂ¿ÃÂ½ÃÂ¯ÃÂ¿ÃÂ½ÃÂ¯ÃÂ¿ÃÂ½ÃÂ¯ÃÂ¿ÃÂ½ÃÂ¯ÃÂ¿ÃÂ½ÃÂ¯ÃÂ¿ÃÂ½ÃÂ¯ÃÂ¿ÃÂ½ÃÂ¯ÃÂ¿ÃÂ½s ridiculous. Found a long hair in my daughters happy meal fries and then the extra fry was missing from her meal and t,1 star,Horrible service worker with a stank attitude for no reason working at the window mute with an attitude mad because she is miserable at work .. They mess up the order and then dont answer the phone its ridiculous.. Found a long hair in my daughters happy meal fries and then the extra fry was missing from her meal and t,"extra fry, phone, window, long hair, reason work, worker horrible, meal fry, fry happy, work horrible, service worker, happy meal, horrible service, stank attitude",5,"order, location"
50,a year ago,"Normally this location does pretty good, but last night was absolutely ridiculous. I sat in the drive thru for almost an hour waiting to get my order taken, the line was wrapped almost TWICE around the building, and finally I gave up and tried driving up to the window to give them my order since i was next in line. When i got to the window, they told me they couldn't take it and I'd have to go back around. I told them I'd like to put in my order here since I've been waiting all this time, and they proceeded to still refuse and that it's my fault for waiting in the second lane that they claimed was closed and had a sign out. The second lane was open, and the ""sign"" they were talking about was a wet floor sign they had placed right next to the drive-thru menu. I told them the lane looked open from our side and they still proceeded to argue with me, and then slammed the drive thru window shut. I've never received such deplorable customer service in my life, and if any managers are reading this, I highly suggest firing the two workers from last night.",1 star,"Normally this location does pretty good. but last night was absolutely ridiculous.. I sat in the drive thru for almost an hour waiting to get my order taken. the line was wrapped almost TWICE around the building. and finally I gave up and tried driving up to the window to give them my order since i was next in line.. I told them I would like to put in my order here since I have been waiting all this time. and they proceeded to still refuse and that it is my fault for waiting in the second lane that they claimed was closed and had a sign out.. The second lane was open. and the ""sign"" they were talking about was a wet floor sign they had placed right next to the drive-thru menu.. I told them the lane looked open from our side and they still proceeded to argue with me. and then slammed the drive thru window shut.. I have never received such deplorable customer service in my life. and if any managers are reading this. I highly suggest firing the two workers from last night.","line, last night, deplorable customer, place, lane, window shut, customer service, sign, location, order, drive, second lane, manager, floor sign, fire, hour, wet floor",4,"drive, thru, order, location, food, time"
51,10 months ago,I went to this location tonight to see if they could give me the Oreo Mcflurry that a different McDonaldÃÂ¯ÃÂ¿ÃÂ½ÃÂ¯ÃÂ¿ÃÂ½ÃÂ¯ÃÂ¿ÃÂ½ÃÂ¯ÃÂ¿ÃÂ½ÃÂ¯ÃÂ¿ÃÂ½ÃÂ¯ÃÂ¿ÃÂ½ÃÂ¯ÃÂ¿ÃÂ½ÃÂ¯ÃÂ¿ÃÂ½ÃÂ¯ÃÂ¿ÃÂ½ÃÂ¯ÃÂ¿ÃÂ½ÃÂ¯ÃÂ¿ÃÂ½ÃÂ¯ÃÂ¿ÃÂ½ÃÂ¯ÃÂ¿ÃÂ½ÃÂ¯ÃÂ¿ÃÂ½ÃÂ¯ÃÂ¿ÃÂ½ÃÂ¯ÃÂ¿ÃÂ½ÃÂ¯ÃÂ¿ÃÂ½ÃÂ¯ÃÂ¿ÃÂ½ÃÂ¯ÃÂ¿ÃÂ½ÃÂ¯ÃÂ¿ÃÂ½ÃÂ¯ÃÂ¿ÃÂ½ÃÂ¯ÃÂ¿ÃÂ½ÃÂ¯ÃÂ¿ÃÂ½ÃÂ¯ÃÂ¿ÃÂ½ÃÂ¯ÃÂ¿ÃÂ½ÃÂ¯ÃÂ¿ÃÂ½ÃÂ¯ÃÂ¿ÃÂ½s had forgotten earlier they completely refused. Unbelievable.. ItÃÂ¯ÃÂ¿ÃÂ½ÃÂ¯ÃÂ¿ÃÂ½ÃÂ¯ÃÂ¿ÃÂ½ÃÂ¯ÃÂ¿ÃÂ½ÃÂ¯ÃÂ¿ÃÂ½ÃÂ¯ÃÂ¿ÃÂ½ÃÂ¯ÃÂ¿ÃÂ½ÃÂ¯ÃÂ¿ÃÂ½ÃÂ¯ÃÂ¿ÃÂ½ÃÂ¯ÃÂ¿ÃÂ½ÃÂ¯ÃÂ¿ÃÂ½ÃÂ¯ÃÂ¿ÃÂ½ÃÂ¯ÃÂ¿ÃÂ½ÃÂ¯ÃÂ¿ÃÂ½ÃÂ¯ÃÂ¿ÃÂ½ÃÂ¯ÃÂ¿ÃÂ½ÃÂ¯ÃÂ¿ÃÂ½ÃÂ¯ÃÂ¿ÃÂ½ÃÂ¯ÃÂ¿ÃÂ½ÃÂ¯ÃÂ¿ÃÂ½ÃÂ¯ÃÂ¿ÃÂ½ÃÂ¯ÃÂ¿ÃÂ½ÃÂ¯ÃÂ¿ÃÂ½ÃÂ¯ÃÂ¿ÃÂ½ÃÂ¯ÃÂ¿ÃÂ½ÃÂ¯ÃÂ¿ÃÂ½ÃÂ¯ÃÂ¿ÃÂ½s ice creamÃÂ¯ÃÂ¿ÃÂ½ÃÂ¯ÃÂ¿ÃÂ½ÃÂ¯ÃÂ¿ÃÂ½ÃÂ¯ÃÂ¿ÃÂ½ÃÂ¯ÃÂ¿ÃÂ½ÃÂ¯ÃÂ¿ÃÂ½ÃÂ¯ÃÂ¿ÃÂ½ÃÂ¯ÃÂ¿ÃÂ½ÃÂ¯ÃÂ¿ÃÂ½ÃÂ¯ÃÂ¿ÃÂ½ÃÂ¯ÃÂ¿ÃÂ½ÃÂ¯ÃÂ¿ÃÂ½ÃÂ¯ÃÂ¿ÃÂ½ÃÂ¯,1 star,I went to this location tonight to see if they could give me the Oreo Mcflurry that a different McDonalds had forgotten earlier they completely refused.. Unbelievable.. Its ice cream,"location tonight, different mcdonalds, oreo mcflurry, ice cream",4,"drive, thru, order, location, food, time"
52,a year ago,"Rude customer service, unprofessional attitude, overcooked food, no complimentary items for screwing up our orders. I don't understand how you can keep your job when there is so many negative reviews. I vow to never eat here again. I would rather eat a cold can of baked beans...",1 star,Rude customer service. unprofessional attitude. overcooked food. no complimentary items for screwing up our orders.. I do not understand how you can keep your job when there is so many negative reviews.. I would rather eat a cold can of baked beans...,"complimentary item, rude customer, job, customer service, negative review, overcook food, review negative, cold, unprofessional attitude",3,"food, order, staff, location"
53,a year ago,"Representative was very rude and disrespectful,  refused fulfilling my order and simply hung up on me on the drive through window... never was I so disappointed at that location before. Manager pretended like nothing even happened.",1 star,Representative was very rude and disrespectful. refused fulfilling my order and simply hung up on me on the drive through window... never was I so disappointed at that location before.. Manager pretended like nothing even happened.,"order, representative, manager pretend",4,"drive, thru, order, location, food, time"
54,a year ago,They got our order correct and didn't cut me off before I had finished ordering our food at the speaker. I could actually understand our order taker. I don't know if it really gets any better than that at a fast food place anymore.,3 stars,They got our order correct and did not cut me off before I had finished ordering our food at the speaker.. I could actually understand our order taker.. I do not know if it really gets any better than that at a fast food place anymore.,"food place, finish order, order taker, fast food",3,"food, order, staff, location"
55,7 months ago,Good quick drive through service.  Was a long line but went very quickly.,4 stars,Good quick drive through service.. Was a long line,"long line, quick drive",6,"drive, time, food, order, service"
56,5 months ago,Yup. ItÃÂ¯ÃÂ¿ÃÂ½ÃÂ¯ÃÂ¿ÃÂ½ÃÂ¯ÃÂ¿ÃÂ½ÃÂ¯ÃÂ¿ÃÂ½ÃÂ¯ÃÂ¿ÃÂ½ÃÂ¯ÃÂ¿ÃÂ½ÃÂ¯ÃÂ¿ÃÂ½ÃÂ¯ÃÂ¿ÃÂ½ÃÂ¯ÃÂ¿ÃÂ½ÃÂ¯ÃÂ¿ÃÂ½ÃÂ¯ÃÂ¿ÃÂ½ÃÂ¯ÃÂ¿ÃÂ½ÃÂ¯ÃÂ¿ÃÂ½ÃÂ¯ÃÂ¿ÃÂ½ÃÂ¯ÃÂ¿ÃÂ½ÃÂ¯ÃÂ¿ÃÂ½ÃÂ¯ÃÂ¿ÃÂ½ÃÂ¯ÃÂ¿ÃÂ½ÃÂ¯ÃÂ¿ÃÂ½ÃÂ¯ÃÂ¿ÃÂ½ÃÂ¯ÃÂ¿ÃÂ½ÃÂ¯ÃÂ¿ÃÂ½ÃÂ¯ÃÂ¿ÃÂ½ÃÂ¯ÃÂ¿ÃÂ½ÃÂ¯ÃÂ¿ÃÂ½ÃÂ¯ÃÂ¿ÃÂ½ÃÂ¯ÃÂ¿ÃÂ½s McDona,3 stars,,,0,"order, time, service"
57,a year ago,I go here all the time. Great staff.. NVR get my food wrong it's just always a line wrapped around lol that's why they ain't 5 stars. Most def customer service is better then the food but hey I just go for my kids because they love it so why not! Good customer service guys! Makes all the difference,4 stars,Great staff.. NVR get my food wrong it is just always a line wrapped around lol that is why they as not 5 stars.. Most def customer service is better then the food. Good customer service guys!. Makes all the difference,"good customer, line wrap, nvr, service guy, difference, customer service, great staff",1,"time, food, order, service"
58,a year ago,I went to pick up food from the restaurant at late night through drive through. I was told to wait near the door and I will be getting the order but even after waiting 15 minutes no one came with the food. Orders are already assigned and even after coming through drive through it takes more than half an hour to get it which is not good. Lots of people behind me got the food but no one cared about the driver who is already waiting from long time. Thank you,1 star,I went to pick up food from the restaurant at late night through drive through.. I was told to wait near the door and I will be getting the order. even after waiting 15 minutes no one came with the food.. Orders are already assigned and even after coming through drive through it takes more than half an hour to get it which is not good.. Lots of people behind me got the food. no one cared about the driver who is already waiting from long time.,"order, one care, food, hour, long time, lot, one, late night",6,"drive, time, food, order, service"
59,a year ago,"OPEN 24HRS all the darn time!!  If there are 24 hours in every day and then 7 days in a week then that means this place is open eleventeen million hours a year.  I dont even know how they find people to work here I mean how do they shower or brush their teeth or change clothes if they are always there.... I think I may have an idea: they are robots.  Or clones, like this example that's Dolly the sheep she's pretty hot NGL.",4 stars,OPEN 24HRS all the darn time!!. If there are 24 hours in every day and then 7 days in a week then that means this place is open eleventeen million hours a year.. I dont even know how they find people to work here I mean how do they shower or brush their teeth or change clothes if they are always there..... I think I may have an idea: they are robots.. like this example that is Dolly the sheep she is pretty hot NGL.,"open eleventeen, place, teeth, people, hour, hot ngl, darn time, idea, clothes",2,"order, time, drive"
60,4 months ago,"It was late, order was wrong, person taking order needs to slow down,",4 stars,order was wrong. person taking order needs to slow down,"order, person",5,"order, location"
61,10 months ago,"The manager IS RUDE at 13749 183 research Blvd.in north Austin TX. HAD TO GO BACK INTO THE  DINER  3 TIMES AND THE 3RD TIME THE MANAGER DIDNT EVEN ACKOWLEDGE WE WERE EVEN THERE.. DISCRIPTION OF SAID MANAGER SPANISH ABOUT 5 FT TALL AND HAD LONG BLONDOISH HAIR PULLED BACK INTO A PONY TAIL. READ PREVIOUS REVIEWS AND THRY WERE NOT GOOD
NEED TO CHECK OUT WHAT IS GOING ON .",1 star,"The manager IS RUDE at 13749 183 research Blvd.in north Austin TX.. HAD TO GO BACK INTO THE  DINER  3 TIMES AND THE 3RD TIME THE MANAGER DIDNT EVEN ACKOWLEDGE WE WERE EVEN THERE.. DISCRIPTION OF SAID MANAGER SPANISH ABOUT 5 FT TALL AND HAD LONG BLONDOISH HAIR PULLED BACK INTO A PONY TAIL.. READ PREVIOUS REVIEWS AND THRY WERE NOT GOOD
NEED TO CHECK OUT WHAT IS GOING ON .","pony tail, thry, austin tx, 3rd time, blvd.in north, manager spanish, blondoish hair, manager, research blvd.in, previous review, north austin",1,"time, food, order, service"
62,7 months ago,Never would come back here again my mother was asking for a coke and the lady became rude and said to her coworker in Spanish omg this fat women it hurt me that she said that and we know what she said so teach your employees how to speck properly in front of people,1 star,Never would come back here again my mother was asking for a coke and the lady became rude and said to her coworker in Spanish omg this fat women it hurt me that she said that and we know what she said so teach your employees how to speck properly in front of people,"woman rude fat, lady, employee, fat woman, mother",0,"order, time, service"
63,2 years ago,"I placed an order... the young lady at the drive thru kept having issues getting the order correctly... I paid for my order... went to the second window.. was given a huge bag that almost broke through with stuff... I pulled up just a little bit to check my order:  noticed I was missing an item, fries, so I pulled around to let the lady at the first window know IÃÂ¯ÃÂ¿ÃÂ½ÃÂ¯ÃÂ¿ÃÂ½ÃÂ¯ÃÂ¿ÃÂ½ÃÂ¯ÃÂ¿ÃÂ½ÃÂ¯ÃÂ¿ÃÂ½ÃÂ¯ÃÂ¿ÃÂ½ÃÂ¯ÃÂ¿ÃÂ½ÃÂ¯ÃÂ¿ÃÂ½ÃÂ¯ÃÂ¿ÃÂ½ÃÂ¯ÃÂ¿ÃÂ½ÃÂ¯ÃÂ¿ÃÂ½ÃÂ¯ÃÂ¿ÃÂ½ÃÂ¯ÃÂ¿ÃÂ½ÃÂ¯ÃÂ¿ÃÂ½ÃÂ¯ÃÂ¿ÃÂ½ÃÂ¯ÃÂ¿ÃÂ½ÃÂ¯ÃÂ¿ÃÂ½ÃÂ¯ÃÂ¿ÃÂ½ÃÂ¯ÃÂ¿ÃÂ½ÃÂ¯ÃÂ¿ÃÂ½ÃÂ¯ÃÂ¿ÃÂ½ÃÂ¯ÃÂ¿ÃÂ½ÃÂ¯ÃÂ¿ÃÂ½ÃÂ¯ÃÂ¿ÃÂ½ÃÂ¯ÃÂ¿ÃÂ½ÃÂ¯ÃÂ¿ÃÂ½ÃÂ¯ÃÂ¿ÃÂ½m missing something... she just dismissed me to the 2nd window... and the 2 ladies at the second window werenÃÂ¯ÃÂ¿ÃÂ½ÃÂ¯ÃÂ¿ÃÂ½ÃÂ¯ÃÂ¿ÃÂ½ÃÂ¯ÃÂ¿ÃÂ½ÃÂ¯ÃÂ¿ÃÂ½ÃÂ¯ÃÂ¿ÃÂ½ÃÂ¯ÃÂ¿ÃÂ½ÃÂ¯ÃÂ¿ÃÂ½ÃÂ¯ÃÂ¿ÃÂ½ÃÂ¯ÃÂ¿ÃÂ½ÃÂ¯ÃÂ¿ÃÂ½ÃÂ¯ÃÂ¿ÃÂ½ÃÂ¯ÃÂ¿ÃÂ½ÃÂ¯ÃÂ¿ÃÂ½ÃÂ¯ÃÂ¿ÃÂ½ÃÂ¯ÃÂ¿ÃÂ½ÃÂ¯ÃÂ¿ÃÂ½ÃÂ¯ÃÂ¿ÃÂ½ÃÂ¯ÃÂ¿ÃÂ½ÃÂ¯ÃÂ¿ÃÂ½ÃÂ¯ÃÂ¿ÃÂ½ÃÂ¯ÃÂ¿ÃÂ½ÃÂ¯ÃÂ¿ÃÂ½ÃÂ¯ÃÂ¿ÃÂ½ÃÂ¯ÃÂ¿ÃÂ½ÃÂ¯ÃÂ¿ÃÂ½ÃÂ¯ÃÂ¿ÃÂ½t the best either.  When I stated I drove back around because I was missing my fries.. I didnÃÂ¯ÃÂ¿ÃÂ½ÃÂ¯ÃÂ¿ÃÂ½ÃÂ¯ÃÂ¿ÃÂ½ÃÂ¯ÃÂ¿ÃÂ½ÃÂ¯ÃÂ¿ÃÂ½ÃÂ¯ÃÂ¿ÃÂ½ÃÂ¯ÃÂ¿ÃÂ½ÃÂ¯ÃÂ¿ÃÂ½ÃÂ¯ÃÂ¿ÃÂ½ÃÂ¯ÃÂ¿ÃÂ½ÃÂ¯ÃÂ¿ÃÂ½ÃÂ¯ÃÂ¿ÃÂ½ÃÂ¯ÃÂ¿ÃÂ½ÃÂ¯ÃÂ¿ÃÂ½ÃÂ¯ÃÂ¿ÃÂ½ÃÂ¯ÃÂ¿ÃÂ½ÃÂ¯ÃÂ¿ÃÂ½ÃÂ¯ÃÂ¿ÃÂ½ÃÂ¯ÃÂ¿ÃÂ½ÃÂ¯ÃÂ¿ÃÂ½ÃÂ¯ÃÂ¿ÃÂ½ÃÂ¯ÃÂ¿ÃÂ½ÃÂ¯ÃÂ¿ÃÂ½ÃÂ¯ÃÂ¿ÃÂ½ÃÂ¯ÃÂ¿ÃÂ½ÃÂ¯ÃÂ¿ÃÂ½ÃÂ¯ÃÂ¿ÃÂ½t realize my receipt was in the bag to confirm my order.. found it and gave it to one of the ladies... the second lady, IÃÂ¯ÃÂ¿ÃÂ½ÃÂ¯ÃÂ¿ÃÂ½ÃÂ¯ÃÂ¿ÃÂ½ÃÂ¯ÃÂ¿ÃÂ½ÃÂ¯ÃÂ¿ÃÂ½ÃÂ¯ÃÂ¿ÃÂ½ÃÂ¯ÃÂ¿ÃÂ½ÃÂ¯ÃÂ¿ÃÂ½ÃÂ¯ÃÂ¿ÃÂ½ÃÂ¯ÃÂ¿ÃÂ½ÃÂ¯ÃÂ¿ÃÂ½ÃÂ¯ÃÂ¿ÃÂ½ÃÂ¯ÃÂ¿ÃÂ½ÃÂ¯ÃÂ¿ÃÂ½ÃÂ¯ÃÂ¿ÃÂ½ÃÂ¯ÃÂ¿ÃÂ½ÃÂ¯ÃÂ¿ÃÂ½ÃÂ¯ÃÂ¿ÃÂ½ÃÂ¯ÃÂ¿ÃÂ½ÃÂ¯ÃÂ¿ÃÂ½ÃÂ¯ÃÂ¿ÃÂ½ÃÂ¯ÃÂ¿ÃÂ½ÃÂ¯ÃÂ¿ÃÂ½ÃÂ¯ÃÂ¿ÃÂ½ÃÂ¯ÃÂ¿ÃÂ½ÃÂ¯ÃÂ¿ÃÂ½ÃÂ¯ÃÂ¿ÃÂ½m guessing to be heard due to my inconvenience of my order not being correct, for her to take ownership for what possibly could of went wrong and show some compassion instead of being kind of prude ... after I received the fries the manager dismissed me with a condescending ÃÂ¯ÃÂ¿ÃÂ½ÃÂ¯ÃÂ¿ÃÂ½ÃÂ¯ÃÂ¿ÃÂ½ÃÂ¯ÃÂ¿ÃÂ½ÃÂ¯ÃÂ¿ÃÂ½ÃÂ¯ÃÂ¿ÃÂ½ÃÂ¯ÃÂ¿ÃÂ½ÃÂ¯ÃÂ¿ÃÂ½",2 stars,I placed an order... the young lady at the drive thru kept having issues getting the order correctly.... I paid for my order... went to the second window.. was given a huge bag that almost broke through with stuff.... I pulled up just a little bit to check my order:  noticed I was missing an item. fries. so I pulled around to let the lady at the first window know Im missing something... she just dismissed me to the 2nd window... and the 2 ladies at the second window werent the best either.. When I stated I drove back around because I was missing my fries... I didnt realize my receipt was in the bag to confirm my order.. found it and gave it to one of the ladies... the second lady. for her to take ownership for what possibly could of went wrong and show some compassion instead of being kind of prude ... after I received the fries the manager dismissed me with a condescending,"second window, 2nd window, manager wrong, young lady, order, something, first window, item, issue, lady, compassion, receipt, keep, ownership, little bit, huge bag, fry, second lady",5,"order, location"
64,a year ago,"Never gotten my order wrong, employees seem to change a lot but they're consistently quick and nice. Also the prices here are lower than other locations, I don't know why but its a total welcome change haha.",5 stars,Never gotten my order wrong. employees seem to change a lot but they are consistently quick and nice.. Also the prices here are lower than other locations. I do not know why but its a total welcome change haha.,"order, price, welcome change, employee, lot, other location",5,"order, location"
65,2 years ago,They run out of fry containers and constantly forget sauces. The dining room is still closed for some reason so have fun getting back in line for a sauce. Sometimes the fries aren't great which is a huge part of McDonald's. Come on guys...,3 stars,They run out of fry containers and constantly forget sauces.. The dining room is still closed for some reason so have fun getting back in line for a sauce.. Sometimes the fries are not great which is a huge part of McDonald's.,"fry, fry container, huge part, sauce, dining room",0,"order, time, service"
66,3 years ago,They get an extra Star because their staff 8 of 10 have been polite. Drive through has issues. They constantly get order wrong. Ask you to pull forward to fix and leave you hanging. I have had to go in twice to see why I am still sitting after five minutes. They are new. I understand training new people. But when you place an order and they repeat it back correctly and it comes out wrong or you have to repeat 3 times to make sure they get it right. Someone inside needs to make sure they are reading the whole ticket. Not just a quarter pounder. Especially with the multi menu choice of adding bacon or lettuce and tomatoes. Their tea as of late has tasted like dish soap and their fountain drinks have a funky taste to them. Numerous times their fries have been under cooked.,2 stars,They get an extra Star because their staff 8 of 10 have been polite.. Drive through has issues.. They constantly get order wrong.. I understand training new people.. But when you place an order and they repeat it back correctly and it comes out wrong or you have to repeat 3 times to make sure they get it right.. Someone inside needs to make sure they are reading the whole ticket.. Not just a quarter pounder.. Especially with the multi menu choice of adding bacon or lettuce and tomatoes.. Their tea as of late has tasted like dish soap and their fountain drinks have a funky taste to them.. Numerous times their fries have been under cooked.,"tea, multi menu, order wrong, menu choice, order, dish soap, funky taste, new people, someone, quarter pounder, issue, time, extra star, add bacon, staff, numerous time, fry, whole ticket, fountain drink",2,"order, time, drive"
67,4 months ago,Got Wrong orderÃÂ¯ÃÂ¿ÃÂ½ÃÂ¯ÃÂ¿ÃÂ½ÃÂ¯ÃÂ¿ÃÂ½ÃÂ¯ÃÂ¿ÃÂ½ÃÂ¯ÃÂ¿ÃÂ½ÃÂ¯ÃÂ¿ÃÂ½ÃÂ¯ÃÂ¿ÃÂ½ÃÂ¯ÃÂ¿ÃÂ½ÃÂ¯ÃÂ¿ÃÂ½,1 star,Got Wrong order,wrong order,5,"order, location"
68,a year ago,"McDonald's is usually pretty bad about inventory shorts especially.
The BBQ sauce, it's just a conspiracy but if you ever been a lover of Mcys Nuggets then you know they tend to ""Forget"" the BBQ sauce. Any other sauce and it's in there. But overall I dont see my self going back anytime soon.",2 stars,"McDonald's is usually pretty bad about inventory shorts especially.. The BBQ sauce. it is just a conspiracy but if you ever been a lover of Mcys Nuggets then you know they tend to ""Forget"" the BBQ sauce.. Any other sauce and it is in there.. But overall I dont see my self going back anytime soon.","mcdonald, other sauce, self, mcys nugget, bbq sauce",0,"order, time, service"
69,a year ago,"So Uber eats was having connectivity issues and pushed an order through to this location that was supposed to be cancelled. I know this isnt McDonald's fault, but when I called McDonalds to try and address the issue, they answered and then ignored me and must have left their phone off the hook because any attempt to call them after this got me only dial tone. I know places are short staffed, but you cant just ignore people.",1 star,So Uber eats was having connectivity issues and pushed an order through to this location that was supposed to be cancelled.. I know this isnt McDonald's fault. but when I called McDonalds to try and address the issue. they answered and then ignored me and must have left their phone off the hook because any attempt to call them after this got me only dial tone.. I know places are short staffed. but you cant just ignore people.,"phone, tone, cant, mcdonalds, uber eats, isnt mcdonald, place, order, people, connectivity issue, fault, issue",5,"order, location"
70,a year ago,"If I paid for a large-sized meal, and I asked for both a large fry and a large drink, please don't argue with me that the ticket says medium drink. Thank you so much from a single parent who just wanted to spend a little bit of money on unhealthy food for wasting my hard-earned money.",1 star,If I paid for a large-sized meal. and I asked for both a large fry and a large drink. please do not argue with me that the ticket says medium drink.. Thank you so much from a single parent who just wanted to spend a little bit of money on unhealthy food for wasting my hard-earned money.,"little bit, single parent, large fry, sized meal, ticket, unhealthy food, medium drink, large drink",3,"food, order, staff, location"
71,a year ago,Customer  service  is no good the staff  play games  as if I'm there to pay my money  to see them horsing around. And the the management  are a jock don't answer  the phone . to night is September 29 2021 at 10:30pm my next  visit to Austin will not be to a McDonald's...,1 star,Customer  service  is no good the staff  play games  as if I am there to pay my money  to see them horsing around.. And the the management  are a jock do not answer  the phone .. to night is September 29 2021 at 10:30pm my next  visit to Austin will not be to a McDonald's...,"staff play, phone, play game, management, jock, customer service, night, money, next visit",3,"food, order, staff, location"
72,a year ago,"My nuggets were way to salty and crunchy which means to had been sitting there a while, cashier cut me off in the middle of my order but was nice and polite when I addressed it and fries where kinda cold but another then good place to get food at an affordable price",3 stars,My nuggets were way to salty and crunchy which means to had been sitting there a while. cashier cut me off in the middle of my order but was nice and polite when I addressed it and fries where kinda cold but another then good place to get food at an affordable price,"nugget, food, place nice polite cold good, affordable price, cashier, good place",3,"food, order, staff, location"
73,2 years ago,"Alright I know it was 5:25 in the morning when we came here and the worker was probably tired as hell. I will give him that for sure, but it was just odd pulling up to the machine and total silence. we had to say ""hello?"" before he came on and asked what we wanted. Was seemingly rude about it and not amazingly friendly. You do not have to sound peppy and full of life at 5am, but at least be nice..",3 stars,Alright I know it was 5:25 in the morning when we came here and the worker was probably tired as hell.. but it was just odd pulling up to the machine and total silence.,"worker, total silence",0,"order, time, service"
74,5 years ago,"waited in the drive through for over half an hour, all i got for my trouble was a ""sorry for the wait"" not even an explanation. When I got to the second window there were at least a dozen sodas just sitting on the counter. It's not the first time I've had bad service. I once pulled up and they just said we're not serving right now even though it was smack dab in the middle of the day hours.",1 star,"all i got for my trouble was a ""sorry for the wait"" not even an explanation.. When I got to the second window there were at least a dozen sodas just sitting on the counter.. It is not the first time I have had bad service.. I once pulled up and they just said we are not serving right now even though it was smack dab in the middle of the day hours.","first time, second window, day hour, bad service, trouble, dozen soda",6,"drive, time, food, order, service"
75,2 years ago,"When you specifically say, ÃÂ¯ÃÂ¿ÃÂ½ÃÂ¯ÃÂ¿ÃÂ½ÃÂ¯ÃÂ¿ÃÂ½ÃÂ¯ÃÂ¿ÃÂ½ÃÂ¯ÃÂ¿ÃÂ½ÃÂ¯ÃÂ¿ÃÂ½ÃÂ¯ÃÂ¿ÃÂ½ÃÂ¯ÃÂ¿ÃÂ½ÃÂ¯ÃÂ¿ÃÂ½ÃÂ¯ÃÂ¿ÃÂ½ÃÂ¯ÃÂ¿ÃÂ½ÃÂ¯ÃÂ¿ÃÂ½ÃÂ¯ÃÂ¿ÃÂ½ÃÂ¯ÃÂ¿ÃÂ½ÃÂ¯ÃÂ¿ÃÂ½ÃÂ¯ÃÂ¿ÃÂ½ÃÂ¯ÃÂ¿ÃÂ½ÃÂ¯ÃÂ¿ÃÂ½ÃÂ¯ÃÂ¿ÃÂ½ÃÂ¯ÃÂ¿ÃÂ½ÃÂ¯ÃÂ¿ÃÂ½ÃÂ¯ÃÂ¿ÃÂ½ÃÂ¯ÃÂ¿ÃÂ½ÃÂ¯ÃÂ¿ÃÂ½ÃÂ¯ÃÂ¿ÃÂ½ÃÂ¯ÃÂ¿ÃÂ½ÃÂ¯ÃÂ¿ÃÂ½plain AND dryÃÂ¯ÃÂ¿ÃÂ½ÃÂ¯ÃÂ¿ÃÂ½ÃÂ¯ÃÂ¿ÃÂ½ÃÂ¯ÃÂ¿ÃÂ½ÃÂ¯ÃÂ¿ÃÂ½ÃÂ¯ÃÂ¿ÃÂ½ÃÂ¯ÃÂ¿ÃÂ½ÃÂ¯ÃÂ¿ÃÂ½ÃÂ¯ÃÂ¿ÃÂ½ÃÂ¯ÃÂ¿ÃÂ½ÃÂ¯ÃÂ¿ÃÂ½ÃÂ¯ÃÂ¿ÃÂ½ÃÂ¯ÃÂ¿ÃÂ½ÃÂ¯ÃÂ¿ÃÂ½ÃÂ¯ÃÂ¿ÃÂ½ÃÂ¯ÃÂ¿ÃÂ½ÃÂ¯ÃÂ¿ÃÂ½ÃÂ¯ÃÂ¿ÃÂ½ÃÂ¯ÃÂ¿ÃÂ½ÃÂ¯ÃÂ¿ÃÂ½ÃÂ¯ÃÂ¿ÃÂ½ÃÂ¯ÃÂ¿ÃÂ½ÃÂ¯ÃÂ¿ÃÂ½ÃÂ¯ÃÂ¿ÃÂ½ÃÂ¯ÃÂ¿ÃÂ½ÃÂ¯ÃÂ¿ÃÂ½ÃÂ¯ÃÂ¿ÃÂ½ and then just to make sure they understood (cuz letÃÂ¯ÃÂ¿ÃÂ½ÃÂ¯ÃÂ¿ÃÂ½ÃÂ¯ÃÂ¿ÃÂ½ÃÂ¯ÃÂ¿ÃÂ½ÃÂ¯ÃÂ¿ÃÂ½ÃÂ¯ÃÂ¿ÃÂ½ÃÂ¯ÃÂ¿ÃÂ½ÃÂ¯ÃÂ¿ÃÂ½ÃÂ¯ÃÂ¿ÃÂ½ÃÂ¯ÃÂ¿ÃÂ½ÃÂ¯ÃÂ¿ÃÂ½ÃÂ¯ÃÂ¿ÃÂ½ÃÂ¯ÃÂ¿ÃÂ½ÃÂ¯ÃÂ¿ÃÂ½ÃÂ¯ÃÂ¿ÃÂ½ÃÂ¯ÃÂ¿ÃÂ½ÃÂ¯ÃÂ¿ÃÂ½ÃÂ¯ÃÂ¿ÃÂ½ÃÂ¯ÃÂ¿ÃÂ½ÃÂ¯ÃÂ¿ÃÂ½ÃÂ¯ÃÂ¿ÃÂ½ÃÂ¯ÃÂ¿ÃÂ½ÃÂ¯ÃÂ¿ÃÂ½ÃÂ¯ÃÂ¿ÃÂ½ÃÂ¯ÃÂ¿ÃÂ½ÃÂ¯ÃÂ¿ÃÂ½ÃÂ¯ÃÂ¿ÃÂ½s face it, itÃÂ¯ÃÂ¿ÃÂ½ÃÂ¯ÃÂ¿ÃÂ½ÃÂ¯ÃÂ¿ÃÂ½ÃÂ¯ÃÂ¿ÃÂ½ÃÂ¯ÃÂ¿ÃÂ½ÃÂ¯ÃÂ¿ÃÂ½ÃÂ¯ÃÂ¿ÃÂ½ÃÂ¯ÃÂ¿ÃÂ½ÃÂ¯ÃÂ¿ÃÂ½ÃÂ¯ÃÂ¿ÃÂ½ÃÂ¯ÃÂ¿ÃÂ½ÃÂ¯ÃÂ¿ÃÂ½ÃÂ¯ÃÂ¿ÃÂ½ÃÂ¯ÃÂ¿ÃÂ½ÃÂ¯ÃÂ¿ÃÂ½ÃÂ¯ÃÂ¿ÃÂ½ÃÂ¯ÃÂ¿ÃÂ½ÃÂ¯ÃÂ¿ÃÂ½ÃÂ¯ÃÂ¿ÃÂ½ÃÂ¯ÃÂ¿ÃÂ½ÃÂ¯ÃÂ¿ÃÂ½ÃÂ¯ÃÂ¿ÃÂ½ÃÂ¯ÃÂ¿ÃÂ½ÃÂ¯ÃÂ¿ÃÂ½ÃÂ¯ÃÂ¿ÃÂ½ÃÂ¯ÃÂ¿ÃÂ½ÃÂ¯ÃÂ¿ÃÂ½s MacDonalds) you add - ÃÂ¯ÃÂ¿ÃÂ½ÃÂ¯ÃÂ¿ÃÂ½ÃÂ¯ÃÂ¿ÃÂ½ÃÂ¯ÃÂ¿ÃÂ½ÃÂ¯ÃÂ¿ÃÂ½ÃÂ¯ÃÂ¿ÃÂ½ÃÂ¯ÃÂ¿ÃÂ½ÃÂ¯ÃÂ¿ÃÂ½ÃÂ¯ÃÂ¿ÃÂ½ÃÂ¯ÃÂ¿ÃÂ½ÃÂ¯ÃÂ¿ÃÂ½ÃÂ¯ÃÂ¿ÃÂ½ÃÂ¯ÃÂ¿ÃÂ½ÃÂ¯ÃÂ¿ÃÂ½ÃÂ¯ÃÂ¿ÃÂ½ÃÂ¯ÃÂ¿ÃÂ½ÃÂ¯ÃÂ¿ÃÂ½ÃÂ¯ÃÂ¿ÃÂ½ÃÂ¯ÃÂ¿ÃÂ½ÃÂ¯ÃÂ¿ÃÂ½ÃÂ¯ÃÂ¿ÃÂ½ÃÂ¯ÃÂ¿ÃÂ½ÃÂ¯ÃÂ¿ÃÂ½ÃÂ¯ÃÂ¿ÃÂ½ÃÂ¯ÃÂ¿ÃÂ½ÃÂ¯ÃÂ¿ÃÂ½ÃÂ¯ÃÂ¿ÃÂ½so nothing but the meat and bunsÃÂ¯ÃÂ¿ÃÂ½ÃÂ¯ÃÂ¿ÃÂ½ÃÂ¯ÃÂ¿ÃÂ½ÃÂ¯ÃÂ¿ÃÂ½ÃÂ¯ÃÂ¿ÃÂ½ÃÂ¯ÃÂ¿ÃÂ½ÃÂ¯ÃÂ¿ÃÂ½ÃÂ¯ÃÂ¿ÃÂ½ÃÂ¯ÃÂ¿ÃÂ½ÃÂ¯ÃÂ¿ÃÂ½ÃÂ¯ÃÂ¿ÃÂ½ÃÂ¯ÃÂ¿ÃÂ½ÃÂ¯ÃÂ¿ÃÂ½ÃÂ¯ÃÂ¿ÃÂ½ÃÂ¯ÃÂ¿ÃÂ½ÃÂ¯ÃÂ¿ÃÂ½ÃÂ¯ÃÂ¿ÃÂ½ÃÂ¯ÃÂ¿ÃÂ½ÃÂ¯ÃÂ¿ÃÂ½ÃÂ¯ÃÂ¿ÃÂ½ÃÂ¯ÃÂ¿ÃÂ½ÃÂ¯ÃÂ¿ÃÂ½ÃÂ¯ÃÂ¿ÃÂ½ÃÂ¯ÃÂ¿ÃÂ½ÃÂ¯ÃÂ¿ÃÂ½ÃÂ¯ÃÂ¿ÃÂ½ÃÂ¯ÃÂ¿ÃÂ½. Then you get home, open the bag, and immediately see the cheese through the hamburger wrapper.... I mean for cryin",1 star,plain AND dry and then just to make sure they understood cuz lets face it. its MacDonalds you add - so nothing but the meat and buns.. open the bag. and immediately see the cheese through the hamburger wrapper....,"cheese, face, nothing, bag, hamburger wrapper",0,"order, time, service"
76,2 years ago,"Buyer beware. Yeah itÃÂ¯ÃÂ¿ÃÂ½ÃÂ¯ÃÂ¿ÃÂ½ÃÂ¯ÃÂ¿ÃÂ½ÃÂ¯ÃÂ¿ÃÂ½ÃÂ¯ÃÂ¿ÃÂ½ÃÂ¯ÃÂ¿ÃÂ½ÃÂ¯ÃÂ¿ÃÂ½ÃÂ¯ÃÂ¿ÃÂ½ÃÂ¯ÃÂ¿ÃÂ½ÃÂ¯ÃÂ¿ÃÂ½ÃÂ¯ÃÂ¿ÃÂ½ÃÂ¯ÃÂ¿ÃÂ½ÃÂ¯ÃÂ¿ÃÂ½ÃÂ¯ÃÂ¿ÃÂ½ÃÂ¯ÃÂ¿ÃÂ½ÃÂ¯ÃÂ¿ÃÂ½ÃÂ¯ÃÂ¿ÃÂ½ÃÂ¯ÃÂ¿ÃÂ½ÃÂ¯ÃÂ¿ÃÂ½ÃÂ¯ÃÂ¿ÃÂ½ÃÂ¯ÃÂ¿ÃÂ½ÃÂ¯ÃÂ¿ÃÂ½ÃÂ¯ÃÂ¿ÃÂ½ÃÂ¯ÃÂ¿ÃÂ½ÃÂ¯ÃÂ¿ÃÂ½ÃÂ¯ÃÂ¿ÃÂ½ÃÂ¯ÃÂ¿ÃÂ½s fast food and cheap. However, if you love to be consistently let down, this particular location is the place to frequent. This location loves to give you incorrect items and 100% of the time your order will be missing something.

Please be sure to check your order prior to leaving the premises. Do note that it takes forever to get them to correct their mistakes, so do take into consideration that the rest of your food will be cold and soggy by the time",1 star,Buyer beware.. Yeah its fast food and cheap.. this particular location is the place to frequent.. This location loves to give you incorrect items and 100 of the time your order will be missing something.. Please be sure to check your order prior to leaving the premises.. Do note that it takes forever to get them to correct their mistakes. so do take into consideration that the rest of your food will be cold and soggy by the time,"mistake, buyer, incorrect item, premise, location love, order, rest, fast food, order incorrect, something, particular location",2,"order, time, drive"
77,a year ago,"Service is slow, but I get all of my items with no errors and it's a bit smaller than most locations. Overall, it's a good place to grab a quick bite near Lake Creek.",4 stars,Service is slow. but I get all of my items with no errors and it is a bit smaller than most locations.. it is a good place to grab a quick bite near Lake Creek.,"quick bite, most location, service, good place, lake creek",5,"order, location"
78,a year ago,"The cashier's are very nice. Its very clean on the inside, and they get your food done fast",5 stars,The cashier's are very nice.. and they get your food done fast,"cashier, food",3,"food, order, staff, location"
79,a year ago,Manager waited on me. He went out of his way to make me a satisfied customer.  Great customer service!,4 stars,Manager waited on me.. He went out of his way to make me a satisfied customer.. Great customer service!,"manager, customer service, great customer, satisfied customer",1,"time, food, order, service"
80,7 months ago,2:42 AM on a Saturday and they just straight up stopped answering the drive through. They just sitting in there chilling,1 star,2:42 AM on a Saturday and they just straight up stopped answering the drive through.,drive,6,"drive, time, food, order, service"
81,3 years ago,"I would have given 5 stars, the evening manager is the nicest person I have seen and is definitely in charge of training her crew with constantly new help, in spite of this, everytime I have to return an order she goes back to the kitchen and patiently disassembles the sandwich and explains the proper way to make the sandwich in a spirit of education and with a cherry disposition. You can tell the children she works with respect her and look up to her, and yes, they might get things confused occasionally but I will continue to go there. 4 out of 5 stars",4 stars,I would have given 5 stars. the evening manager is the nicest person I have seen and is definitely in charge of training her crew with constantly new help. everytime I have to return an order she goes back to the kitchen and patiently disassembles the sandwich and explains the proper way to make the sandwich in a spirit of education and with a cherry disposition.. You can tell the children she works with respect her and look up to her. they might get things confused occasionally but I will continue to go there.,"new help, child, star, cherry disposition, crew, sandwich, order, proper way, evening manager, everytime, nice person, thing",5,"order, location"
82,2 years ago,"The staff is very kind and the food is usually prepared in a timely manner, for this reason it'sone of my preferred location's. However the drive thru line can sometimes be an inconvenience as it can get very long and at times even block entrances.",4 stars,The staff is very kind and the food is usually prepared in a timely manner. for this reason it isone of my preferred location's.. However the drive thru line can sometimes be an inconvenience as it can get very long and at times even block entrances.,"food, entrance, timely manner, staff, preferred location",4,"drive, thru, order, location, food, time"
83,2 years ago,"Awful experience. Drive thru attendants are rude, untrained, and unprofessional. When asked for a manager the attendants lie and say that there isn't one on duty, FYI impossible for every shift not to have a manager. One specific attendant screamed and cursed at me, to which led me to contact corporate.",1 star,Awful experience.. Drive thru attendants are rude. When asked for a manager the attendants lie and say that there is not one on duty. FYI impossible for every shift not to have a manager.. One specific attendant screamed and cursed at me,"attendant scream, attendant lie, manager, shift impossible, awful experience, attendant",4,"drive, thru, order, location, food, time"
84,5 years ago,"Decent McDonald's location.  The team here has always been friendly.  Drive thru can get pretty backed up during normal meal periods, so often it is better to go inside.  Make sure you go close to regular meal periods for fresher food vs the ones under the heat lamp for a while.    Store is always clean.",3 stars,Decent McDonald's location.. The team here has always been friendly.. Drive thru can get pretty backed up during normal meal periods. Make sure you go close to regular meal periods for fresher food vs the ones under the heat lamp for a while.. Store is always clean.,"decent mcdonald, normal meal, fresher food, team, meal period, regular meal, heat lamp, store",4,"drive, thru, order, location, food, time"
85,a year ago,"Hashbrowns were fire today.

Frappes always on point and the machine is always working.

Always get me to work on time with fast workers",5 stars,Hashbrowns were fire today.. Frappes always on point and the machine is always working.. Always get me to work on time with fast workers,"fire today, fast worker, frappe, machine, hashbrowns",2,"order, time, drive"
86,3 years ago,"When I order during the day, I have zero issues. They are listed as a 24 hour location, so they show up on Uber Eats late at night. Anytime I order after midnight, they will accept my order through UE and then sit around for an hour before cancelling it. I don't understand why you list yourselves as a 24 hour location if you cancel any orders after midnight. Other than that, this place has always given great service.",3 stars,I have zero issues.. They are listed as a 24 hour location. so they show up on Uber Eats late at night.. they will accept my order through UE and then sit around for an hour before cancelling it.. I do not understand why you list yourselves as a 24 hour location if you cancel any orders after midnight.. this place has always given great service.,"order, uber, hour location, yourselves, place, great service, issue",5,"order, location"
87,2 years ago,I ordered 4 happy meals with plain cheeseburgers. All the burgers were wrong. Do you know what itÃÂ¯ÃÂ¿ÃÂ½ÃÂ¯ÃÂ¿ÃÂ½ÃÂ¯ÃÂ¿ÃÂ½ÃÂ¯ÃÂ¿ÃÂ½ÃÂ¯ÃÂ¿ÃÂ½ÃÂ¯ÃÂ¿ÃÂ½ÃÂ¯ÃÂ¿ÃÂ½ÃÂ¯ÃÂ¿ÃÂ½ÃÂ¯ÃÂ¿ÃÂ½ÃÂ¯ÃÂ¿ÃÂ½ÃÂ¯ÃÂ¿ÃÂ½ÃÂ¯ÃÂ¿ÃÂ½ÃÂ¯ÃÂ¿ÃÂ½ÃÂ¯ÃÂ¿ÃÂ½ÃÂ¯ÃÂ¿ÃÂ½ÃÂ¯ÃÂ¿ÃÂ½ÃÂ¯ÃÂ¿ÃÂ½ÃÂ¯ÃÂ¿ÃÂ½ÃÂ¯ÃÂ¿ÃÂ½ÃÂ¯ÃÂ¿ÃÂ½ÃÂ¯ÃÂ¿ÃÂ½ÃÂ¯ÃÂ¿ÃÂ½ÃÂ¯ÃÂ¿ÃÂ½ÃÂ¯ÃÂ¿ÃÂ½ÃÂ¯ÃÂ¿ÃÂ½ÃÂ¯ÃÂ¿ÃÂ½ÃÂ¯ÃÂ¿ÃÂ½s like to have four grandkids that canÃÂ¯ÃÂ¿,1 star,I ordered 4 happy meals with plain cheeseburgers.. All the burgers were wrong.. Do you know what its like to have four grandkids that can,"grandkids, burger, happy meal, plain cheeseburger",5,"order, location"
88,a year ago,McDonalds is NOT a fast food company anymore. They're just a food company now. Always a line wrapped around the building that never moves. When are robots going to replace the kitchen staff who hate their jobs?,1 star,McDonalds is NOT a fast food company anymore.. They are just a food company now.. Always a line wrapped around the building that never moves.. When are robots going to replace the kitchen staff who hate their jobs,"food company, line, robot, fast food, kitchen staff, job, mcdonalds",3,"food, order, staff, location"
89,3 years ago,This McDonalds CONSTANTLY gets orders wrong. We have ordered at the window and over uber and EVERY SINGLE TIME we dont get a complete order. Today we went back to get our fry we had 3 chicken sandwiches and 2 fry not complicated at all. The manager gave us a new one but the girl at the oick up window shoved the bag in ny hands and when I tha ked her she made a rude face and turned away.,1 star,This McDonalds CONSTANTLY gets orders wrong.. We have ordered at the window and over uber and EVERY SINGLE TIME we dont get a complete order.. Today we went back to get our fry we had 3 chicken sandwiches and 2 fry not complicated at all.. The manager gave us a new one. the girl at the oick up window shoved the bag in ny hands and when I tha ked her she made a rude face and turned away.,"chicken sandwich, rude face, order wrong, mcdonalds, complete order, today, new one, window shove, ny hand, fry, manager, single time",0,"order, time, service"
90,a year ago,"Night time drive through team seem really unprofessional. I ordered a meal with an extra fry, but when I got to the food window, was only given the fry with the meal. I mentioned the extra fry and was told I only paid for 1 fry. I offered to pay the difference for the extra fry, but was told I needed to drive back around and order again. Seriously? That's the response? Will not be returning.",1 star,Night time drive through team seem really unprofessional.. I ordered a meal with an extra fry. but when I got to the food window. was only given the fry with the meal.. I mentioned the extra fry and was told I only paid for 1 fry.. I offered to pay the difference for the extra fry,"extra fry, meal, difference, night, team, fry, night time, food window",6,"drive, time, food, order, service"
91,5 years ago,"This is the 3rd time in a row that weÃÂ¯ÃÂ¿ÃÂ½ÃÂ¯ÃÂ¿ÃÂ½ÃÂ¯ÃÂ¿ÃÂ½ÃÂ¯ÃÂ¿ÃÂ½ÃÂ¯ÃÂ¿ÃÂ½ÃÂ¯ÃÂ¿ÃÂ½ÃÂ¯ÃÂ¿ÃÂ½ÃÂ¯ÃÂ¿ÃÂ½ÃÂ¯ÃÂ¿ÃÂ½ÃÂ¯ÃÂ¿ÃÂ½ÃÂ¯ÃÂ¿ÃÂ½ÃÂ¯ÃÂ¿ÃÂ½ÃÂ¯ÃÂ¿ÃÂ½ÃÂ¯ÃÂ¿ÃÂ½ÃÂ¯ÃÂ¿ÃÂ½ÃÂ¯ÃÂ¿ÃÂ½ÃÂ¯ÃÂ¿ÃÂ½ÃÂ¯ÃÂ¿ÃÂ½ÃÂ¯ÃÂ¿ÃÂ½ÃÂ¯ÃÂ¿ÃÂ½ÃÂ¯ÃÂ¿ÃÂ½ÃÂ¯ÃÂ¿ÃÂ½ÃÂ¯ÃÂ¿ÃÂ½ÃÂ¯ÃÂ¿ÃÂ½ÃÂ¯ÃÂ¿ÃÂ½ÃÂ¯ÃÂ¿ÃÂ½ÃÂ¯ÃÂ¿ÃÂ½ve been burned going through the drive threw. Each time they have messed up our order and youÃÂ¯ÃÂ¿ÃÂ½ÃÂ¯ÃÂ¿ÃÂ½ÃÂ¯ÃÂ¿ÃÂ½ÃÂ¯ÃÂ¿ÃÂ½ÃÂ¯ÃÂ¿ÃÂ½ÃÂ¯ÃÂ¿ÃÂ½ÃÂ¯ÃÂ¿ÃÂ½ÃÂ¯ÃÂ¿ÃÂ½ÃÂ¯ÃÂ¿ÃÂ½ÃÂ¯ÃÂ¿ÃÂ½ÃÂ¯ÃÂ¿ÃÂ½ÃÂ¯ÃÂ¿ÃÂ½ÃÂ¯ÃÂ¿ÃÂ½ÃÂ¯ÃÂ¿ÃÂ½ÃÂ¯ÃÂ¿ÃÂ½ÃÂ¯ÃÂ¿ÃÂ½ÃÂ¯ÃÂ¿ÃÂ½ÃÂ¯ÃÂ¿ÃÂ½ÃÂ¯ÃÂ¿ÃÂ½ÃÂ¯ÃÂ¿ÃÂ½ÃÂ¯ÃÂ¿ÃÂ½ÃÂ¯ÃÂ¿ÃÂ½ÃÂ¯ÃÂ¿ÃÂ½ÃÂ¯ÃÂ¿ÃÂ½ÃÂ¯ÃÂ¿ÃÂ½ÃÂ¯ÃÂ¿ÃÂ½ÃÂ¯ÃÂ¿ÃÂ½d think by now that I would have learned my lesson, but I thought this would be quick and easy. NOPE! This location sucks. I tried calling the number in the receipt but no one answers. I know I canÃÂ¯ÃÂ¿ÃÂ½ÃÂ¯ÃÂ¿ÃÂ½ÃÂ¯ÃÂ¿ÃÂ½ÃÂ¯ÃÂ¿ÃÂ½ÃÂ¯ÃÂ¿ÃÂ½ÃÂ¯ÃÂ¿ÃÂ½ÃÂ¯ÃÂ¿ÃÂ½ÃÂ¯ÃÂ¿ÃÂ½ÃÂ¯ÃÂ¿ÃÂ½ÃÂ¯ÃÂ¿ÃÂ½ÃÂ¯ÃÂ¿ÃÂ½ÃÂ¯ÃÂ¿ÃÂ½",1 star,This is the 3rd time in a row that weve been burned going through the drive threw.. Each time they have messed up our order and youd think by now that I would have learned my lesson. This location sucks.. I tried calling the number in the receipt. no one answers.,"lesson, mess, youd, location suck, 3rd time, one answer, number, drive",2,"order, time, drive"
92,3 years ago,"Worst experience! All I asked for was a regular size coffee.I get to the window and was handed a small , I asked the woman if that was a regular to which she rudely said yes I questioned her again two more times then I asked her how many sizes of coffee they had she said small medium and large I asked her which one was the one I was holding and she said it's a small that's what we charged you for she said, and I told her I asked for a regular which would be a medium but I just drove off. Also asked for 3 splendas and 4 creamers on the side and received 3 regular sugars and 2 creamers. To top it off, coffee was full of coffee grounds to the point I was spitting them out. And as a little plus there was a piece of plastic! Never again!",1 star,Worst experience!. All I asked for was a regular size coffee.I get to the window and was handed a small. I asked the woman if that was a regular to which she rudely said yes I questioned her again two more times then I asked her how many sizes of coffee they had she said small medium and large I asked her which one was the one I was holding and she said it is a small that is what we charged you for she said. Also asked for 3 splendas and 4 creamers on the side and received 3 regular sugars and 2 creamers.. coffee was full of coffee grounds to the point I was spitting them out.. And as a little plus there was a piece of plastic!,"regular size, regular sugar, size coffee.i, woman, many size, coffee ground, worst experience, small medium, more time, piece",2,"order, time, drive"
93,5 years ago,"Attempted to go through the drive thru at 430 am. It said it was 24 hour, however no one seemed to be taking orders and I drove around twice just in case and tried again but still no answer. I saw one employee in the kitchen but couldn't get his attention.   Very bad business. If closed or delayed in opening then at least a sign that indicates that would have been nice.",1 star,Attempted to go through the drive thru at 430 am.. however no one seemed to be taking orders and I drove around twice just in case and tried again but still no answer.. I saw one employee in the kitchen. could not get his attention.. Very bad business.,"order, bad business, attention, attempt, employee, one",4,"drive, thru, order, location, food, time"
94,4 years ago,"This place is okay. It has these kiosks where you order, take a number, and they bring the food to your table. I ordered a frozen lemonade, paid for it, then sat down. I was there for a bit before someone came and told me they were out. I got a regular drink instead but it was too much trouble to get a refund for the difference. I'm not sure I like this new way.",3 stars,This place is okay.. It has these kiosks where you order. take a number. and they bring the food to your table.. I ordered a frozen lemonade. I was there for a bit before someone came and told me they were out.. I got a regular drink instead. it was too much trouble to get a refund for the difference.. I am not sure I like this new way.,"regular drink, food, refund, kiosk, place, much trouble, number, frozen lemonade, someone, new way",3,"food, order, staff, location"
95,3 years ago,"My burger was completely raw in the middle and when I took the burger back in to get it remade the lady behind the counter treated me like I was some stuck up brat for not wanting to eat a raw burger.
If I had the ability to give them a zero star rating I would. I WILL NEVER EAT HERE AGAIN!!!",1 star,My burger was completely raw in the middle and when I took the burger back in to get it remade the lady behind the counter treated me like I was some stuck up brat for not wanting to eat a raw burger.. If I had the ability to give them a zero star rating I would.,"raw burger, brat, lady, ability, star rating, counter",0,"order, time, service"
96,4 years ago,"If I could give negative stars I would. This location is the absolute worst ever.  Every single time I go they f up my order! Then give attitude when they need to correct their mistakes.  I Try to give the benefit of the doubt everyone has off/bad days so I return thinking this time will be different, but it never is. They always suck. The staff is horrible. Corporate needs to send all their staff over to a week of training at chic-fil-A college to learn about work ethic, time management ,teamwork and basic manors.
I am baffled how chic-fil-a can have 30 cars in drive thru and get my order right the first time and under 5 mins. But at McDonaldÃÂ¯ÃÂ¿ÃÂ½ÃÂ¯ÃÂ¿ÃÂ½ÃÂ¯ÃÂ¿ÃÂ½ÃÂ¯ÃÂ¿ÃÂ½ÃÂ¯ÃÂ¿ÃÂ½ÃÂ¯ÃÂ¿ÃÂ½ÃÂ¯ÃÂ¿ÃÂ½ÃÂ¯ÃÂ¿ÃÂ½ÃÂ¯ÃÂ¿ÃÂ½ÃÂ¯ÃÂ¿ÃÂ½ÃÂ¯ÃÂ¿ÃÂ½ÃÂ¯ÃÂ¿ÃÂ½ÃÂ¯ÃÂ¿ÃÂ½ÃÂ¯ÃÂ¿ÃÂ½ÃÂ¯ÃÂ¿ÃÂ½ÃÂ¯ÃÂ¿ÃÂ½ÃÂ¯ÃÂ¿ÃÂ½ÃÂ¯ÃÂ¿ÃÂ½ÃÂ¯ÃÂ¿ÃÂ½ÃÂ¯ÃÂ¿ÃÂ½ÃÂ¯ÃÂ¿ÃÂ½ÃÂ¯ÃÂ¿ÃÂ½ÃÂ¯ÃÂ¿ÃÂ½ÃÂ¯ÃÂ¿ÃÂ½ÃÂ¯ÃÂ¿ÃÂ½ÃÂ¯ÃÂ¿ÃÂ½ÃÂ¯ÃÂ¿ÃÂ½s there could be 3 cars and it still takes 30 mins and 3+ tries to get my order right! makes no logical sense.
Moral of rant save your time and money and drive around the corner to chic-fil-a they got your",1 star,If I could give negative stars I would.. This location is the absolute worst ever.. Every single time I go they f up my order!. Then give attitude when they need to correct their mistakes.. I Try to give the benefit of the doubt everyone has off/bad days so I return thinking this time will be different. The staff is horrible.. Corporate needs to send all their staff over to a week of training at chic-fil-A college to learn about work ethic. time management. teamwork and basic manors.. I am baffled how chic-fil-a can have 30 cars in drive thru and get my order right the first time and under 5 mins.. But at McDonalds there could be 3 cars and it still takes 30 mins and 3+ tries to get my order right!. makes no logical sense.. Moral of rant save your time and money and drive around the corner to chic-fil-a they got your,"mistake, try, logical sense, teamwork, doubt everyone, location, first time, order, time management, basic manor, corporate need, rant, min, time, work ethic, attitude, benefit, staff, bad day, negative star, car, single time",2,"order, time, drive"
97,2 years ago,"When ordering food the employees conveniently forgot to turn off their microphones and were talking mess about all the food we had ordered, this is very unprofessional and honestly uncalled for. When I asked for a receipt they said it was in the bad and it was convenient not in there. IÃÂ¯ÃÂ¿ÃÂ½ÃÂ¯ÃÂ¿ÃÂ½ÃÂ¯ÃÂ¿ÃÂ½ÃÂ¯ÃÂ¿ÃÂ½ÃÂ¯ÃÂ¿ÃÂ½ÃÂ¯ÃÂ¿ÃÂ½ÃÂ¯ÃÂ¿ÃÂ½ÃÂ¯ÃÂ¿ÃÂ½ÃÂ¯ÃÂ¿ÃÂ½ÃÂ¯ÃÂ¿ÃÂ½ÃÂ¯ÃÂ¿ÃÂ½ÃÂ¯ÃÂ¿ÃÂ½ÃÂ¯ÃÂ¿ÃÂ½ÃÂ¯ÃÂ¿ÃÂ½ÃÂ¯ÃÂ¿ÃÂ½ÃÂ¯ÃÂ¿ÃÂ½ÃÂ¯ÃÂ¿ÃÂ½ÃÂ¯ÃÂ¿ÃÂ½ÃÂ¯ÃÂ¿ÃÂ½ÃÂ¯ÃÂ¿ÃÂ½ÃÂ¯ÃÂ¿ÃÂ½ÃÂ¯ÃÂ¿ÃÂ½ÃÂ¯ÃÂ¿ÃÂ½ÃÂ¯ÃÂ¿ÃÂ½ÃÂ¯ÃÂ¿ÃÂ½ÃÂ¯ÃÂ¿ÃÂ½ÃÂ¯ÃÂ¿ÃÂ½ve trying to get ahold of management to speak ab",1 star,When ordering food the employees conveniently forgot to turn off their microphones and were talking mess about all the food we had ordered,"mess, order food, employee conveniently, food conveniently, microphone",3,"food, order, staff, location"
98,3 years ago,"I donÃÂ¯ÃÂ¿ÃÂ½ÃÂ¯ÃÂ¿ÃÂ½ÃÂ¯ÃÂ¿ÃÂ½ÃÂ¯ÃÂ¿ÃÂ½ÃÂ¯ÃÂ¿ÃÂ½ÃÂ¯ÃÂ¿ÃÂ½ÃÂ¯ÃÂ¿ÃÂ½ÃÂ¯ÃÂ¿ÃÂ½ÃÂ¯ÃÂ¿ÃÂ½ÃÂ¯ÃÂ¿ÃÂ½ÃÂ¯ÃÂ¿ÃÂ½ÃÂ¯ÃÂ¿ÃÂ½ÃÂ¯ÃÂ¿ÃÂ½ÃÂ¯ÃÂ¿ÃÂ½ÃÂ¯ÃÂ¿ÃÂ½ÃÂ¯ÃÂ¿ÃÂ½ÃÂ¯ÃÂ¿ÃÂ½ÃÂ¯ÃÂ¿ÃÂ½ÃÂ¯ÃÂ¿ÃÂ½ÃÂ¯ÃÂ¿ÃÂ½ÃÂ¯ÃÂ¿ÃÂ½ÃÂ¯ÃÂ¿ÃÂ½ÃÂ¯ÃÂ¿ÃÂ½ÃÂ¯ÃÂ¿ÃÂ½ÃÂ¯ÃÂ¿ÃÂ½ÃÂ¯ÃÂ¿ÃÂ½ÃÂ¯ÃÂ¿ÃÂ½t usually review places but this location has ridiculously rude service and consistently gets the orders wrong. Even when not busy. If I were rude, IÃÂ¯ÃÂ¿ÃÂ½ÃÂ¯ÃÂ¿ÃÂ½ÃÂ¯ÃÂ¿ÃÂ½ÃÂ¯ÃÂ¿ÃÂ½ÃÂ¯ÃÂ¿ÃÂ½ÃÂ¯ÃÂ¿ÃÂ½ÃÂ¯ÃÂ¿ÃÂ½ÃÂ¯ÃÂ¿ÃÂ½ÃÂ¯ÃÂ¿ÃÂ½ÃÂ¯ÃÂ¿ÃÂ½ÃÂ¯ÃÂ¿ÃÂ½ÃÂ¯ÃÂ¿ÃÂ½ÃÂ¯ÃÂ¿ÃÂ½ÃÂ¯ÃÂ¿ÃÂ½ÃÂ¯ÃÂ¿ÃÂ½ÃÂ¯ÃÂ¿ÃÂ½ÃÂ¯ÃÂ¿ÃÂ½ÃÂ¯ÃÂ¿ÃÂ½ÃÂ¯ÃÂ¿ÃÂ½ÃÂ¯ÃÂ¿ÃÂ½ÃÂ¯ÃÂ¿ÃÂ½ÃÂ¯ÃÂ¿ÃÂ½ÃÂ¯ÃÂ¿ÃÂ½ÃÂ¯",1 star,I dont usually review places. this location has ridiculously rude service and consistently gets the orders wrong.,"location, order wrong, place, rude service",5,"order, location"
99,6 months ago,Allways has the best Fries and Ice cream in the world!,5 stars,Allways has the best Fries and Ice cream in the world!,"best fry, ice cream, allways",0,"order, time, service"
100,a year ago,Mcdonalds is great but they really need to hire people who understand both english and spanish and not just spanish speakers trying to take english orders. The people are really nice but be smarter about who you put in the drive thru and lobby to take orders.,4 stars,Mcdonalds is great. they really need to hire people who understand both english and spanish and not just spanish speakers trying to take english orders.. The people are really nice. be smarter about who you put in the drive thru and lobby to take orders.,"order, spanish speaker, english order, people, mcdonalds",4,"drive, thru, order, location, food, time"
